"Net Name","Pass/Fail","Operation","Driver Comp Ref Des & Pin Name","Receiver Comp Ref Des & Pin Name","Rise Rail Overshoot, [mV]","Rise Rail Overshoot Limit, [mV]","Rise Rail Overshoot Margin, [mV]","Rise Rail Overshoot, [Pass/Fail]","Rise Rail Overshoot Trace Point, [ns]","Fall Rail Undershoot, [mV]","Fall Rail Undershoot Limit, [mV]","Fall Rail Undershoot Margin, [mV]","Fall Rail Undershoot, [Pass/Fail]","Fall Rail Undershoot Trace Point, [ns]","Rise Rail Overshoot Area, [V*ns]","Rise Rail Overshoot Area Limit, [V*ns]","Rise Rail Overshoot Area Margin, [V*ns]","Rise Rail Overshoot Area, [Pass/Fail]","Rise Rail Overshoot Area Trace Point, [ns]","Fall Rail Undershoot Area, [V*ns]","Fall Rail Undershoot Area Limit, [V*ns]","Fall Rail Undershoot Area Margin, [V*ns]","Fall Rail Undershoot Area, [Pass/Fail]","Fall Rail Undershoot Area Trace Point, [ns]","Monotonic, [Pass/Fail]","Monotonic Trace Point, [ns]","VIH/L(AC) Min Limit, [Pass/Fail]","VIH/L(AC) Min Limit, Trace Point, [ns]","VIH/L(DC) Monotonicity, [Pass/Fail]","VIH/L(DC) Monotonicity Trace Point, [ns]","Vref Threshold Multi Cross, [Pass/Fail]","Max Slew Time, [ps]","Max Slew Time, [Pass/Fail]","VIX Limit Low, mV","VIX Limit Hi, mV","VIX Margin, mV","VIX, [Pass/Fail]","VIX Trace Point, [ns]","VID(AC) Limit, mV","VID(AC) Margin, mV","VID(AC), [Pass/Fail]","VID(AC) Trace Point, [ns]","VID(DC) Limit, mV","VID(DC), [Pass/Fail]","VID(DC) Trace Point, [ns]","VSEH/VSEL Limit Low, mV","VSEH/VSEL Limit Hi, mV","VSEH/VSEL Margin, mV","VSEH/VSEL, [Pass/Fail]","VSEH/VSEL Trace Point, [ns]","TVAC/TDVAC Min Time Over AC, ps","TVAC/TDVAC Time Limit, ps","TVAC/TDVAC Margin, ps","TVAC/TDVAC, [Pass/Fail]","TVAC/TDVAC Trace Point, [ns]"
"/Principal/BANK_502/DDR_CLK_P","Pass","Write rank(1,1)","U1.R21&P21","U2.J7&K7","   0.0"," 400.0"," 400.0","Pass","N/A","   0.0"," 400.0"," 400.0","Pass","N/A"," 0.000"," 0.190"," 0.190","Pass","N/A"," 0.000"," 0.190"," 0.190","Pass","N/A","Pass","N/A","N/A","N/A","N/A","N/A","Pass"," 119.0","Pass"," 600.0"," 900.0","  87.5","Pass"," 4.692"," 350.0"," 699.0","Pass","121.186"," 200.0","Pass","N/A"," 575.0"," 925.0"," 298.8","Pass"," 5.899","   816","    75","   741","Pass"," 3.291"
"/Principal/BANK_502/DDR_CLK_P","Pass","Write rank(1,2)","U1.R21&P21","U3.J7&K7","   0.0"," 400.0"," 400.0","Pass","N/A","   0.0"," 400.0"," 400.0","Pass","N/A"," 0.000"," 0.190"," 0.190","Pass","N/A"," 0.000"," 0.190"," 0.190","Pass","N/A","Pass","N/A","N/A","N/A","N/A","N/A","Pass"," 139.4","Pass"," 600.0"," 900.0","  79.1","Pass","106.083"," 350.0"," 426.6","Pass"," 2.179"," 200.0","Pass","N/A"," 575.0"," 925.0"," 135.3","Pass"," 4.553","   799","    75","   724","Pass","119.677"
"/Principal/BANK_502/DDR_DQS0_P","Pass","Read rank(1,1)","U1.H24&G25","U1.H24&G25","N/A","N/A","N/A","N/A","N/A","N/A","N/A","N/A","N/A","N/A","N/A","N/A","N/A","N/A","N/A","N/A","N/A","N/A","N/A","N/A","N/A","N/A","N/A","N/A","N/A","N/A","N/A","N/A","N/A","N/A","N/A","N/A","N/A","N/A","N/A","N/A","N/A","N/A","N/A","N/A","N/A","N/A","N/A","N/A","N/A","N/A","N/A","N/A","N/A","N/A","N/A"
"/Principal/BANK_502/DDR_DQS0_P","Pass","Read rank(1,2)","U1.H24&G25","U1.H24&G25","N/A","N/A","N/A","N/A","N/A","N/A","N/A","N/A","N/A","N/A","N/A","N/A","N/A","N/A","N/A","N/A","N/A","N/A","N/A","N/A","N/A","N/A","N/A","N/A","N/A","N/A","N/A","N/A","N/A","N/A","N/A","N/A","N/A","N/A","N/A","N/A","N/A","N/A","N/A","N/A","N/A","N/A","N/A","N/A","N/A","N/A","N/A","N/A","N/A","N/A","N/A"
"/Principal/BANK_502/DDR_DQS0_P","Pass","Write rank(1,1)","U1.H24&G25","U2.C7&B7","   0.0"," 400.0"," 400.0","Pass","N/A","   0.0"," 400.0"," 400.0","Pass","N/A"," 0.000"," 0.190"," 0.190","Pass","N/A"," 0.000"," 0.190"," 0.190","Pass","N/A","Pass","N/A","N/A","N/A","N/A","N/A","Pass","  97.6","Pass"," 600.0"," 900.0","  91.2","Pass","30.788"," 350.0"," 738.9","Pass"," 4.344"," 200.0","Pass","N/A"," 575.0"," 925.0"," 354.1","Pass"," 4.340","   827","    75","   752","Pass"," 2.202"
"/Principal/BANK_502/DDR_DQS1_P","Pass","Read rank(1,1)","U1.L24&L25","U1.L24&L25","N/A","N/A","N/A","N/A","N/A","N/A","N/A","N/A","N/A","N/A","N/A","N/A","N/A","N/A","N/A","N/A","N/A","N/A","N/A","N/A","N/A","N/A","N/A","N/A","N/A","N/A","N/A","N/A","N/A","N/A","N/A","N/A","N/A","N/A","N/A","N/A","N/A","N/A","N/A","N/A","N/A","N/A","N/A","N/A","N/A","N/A","N/A","N/A","N/A","N/A","N/A"
"/Principal/BANK_502/DDR_DQS1_P","Pass","Read rank(1,2)","U1.L24&L25","U1.L24&L25","N/A","N/A","N/A","N/A","N/A","N/A","N/A","N/A","N/A","N/A","N/A","N/A","N/A","N/A","N/A","N/A","N/A","N/A","N/A","N/A","N/A","N/A","N/A","N/A","N/A","N/A","N/A","N/A","N/A","N/A","N/A","N/A","N/A","N/A","N/A","N/A","N/A","N/A","N/A","N/A","N/A","N/A","N/A","N/A","N/A","N/A","N/A","N/A","N/A","N/A","N/A"
"/Principal/BANK_502/DDR_DQS1_P","Pass","Write rank(1,1)","U1.L24&L25","U2.F3&G3","   0.0"," 400.0"," 400.0","Pass","N/A","   0.0"," 400.0"," 400.0","Pass","N/A"," 0.000"," 0.190"," 0.190","Pass","N/A"," 0.000"," 0.190"," 0.190","Pass","N/A","Pass","N/A","N/A","N/A","N/A","N/A","Pass","  89.1","Pass"," 600.0"," 900.0","  96.4","Pass","122.638"," 350.0"," 731.9","Pass"," 4.022"," 200.0","Pass","N/A"," 575.0"," 925.0"," 349.6","Pass"," 4.094","   840","    75","   765","Pass"," 2.170"
"/Principal/BANK_502/DDR_DQS2_P","Pass","Read rank(1,1)","U1.P25&R25","U1.P25&R25","N/A","N/A","N/A","N/A","N/A","N/A","N/A","N/A","N/A","N/A","N/A","N/A","N/A","N/A","N/A","N/A","N/A","N/A","N/A","N/A","N/A","N/A","N/A","N/A","N/A","N/A","N/A","N/A","N/A","N/A","N/A","N/A","N/A","N/A","N/A","N/A","N/A","N/A","N/A","N/A","N/A","N/A","N/A","N/A","N/A","N/A","N/A","N/A","N/A","N/A","N/A"
"/Principal/BANK_502/DDR_DQS2_P","Pass","Read rank(1,2)","U1.P25&R25","U1.P25&R25","N/A","N/A","N/A","N/A","N/A","N/A","N/A","N/A","N/A","N/A","N/A","N/A","N/A","N/A","N/A","N/A","N/A","N/A","N/A","N/A","N/A","N/A","N/A","N/A","N/A","N/A","N/A","N/A","N/A","N/A","N/A","N/A","N/A","N/A","N/A","N/A","N/A","N/A","N/A","N/A","N/A","N/A","N/A","N/A","N/A","N/A","N/A","N/A","N/A","N/A","N/A"
"/Principal/BANK_502/DDR_DQS2_P","Pass","Write rank(1,2)","U1.P25&R25","U3.C7&B7","   0.0"," 400.0"," 400.0","Pass","N/A","   0.0"," 400.0"," 400.0","Pass","N/A"," 0.000"," 0.190"," 0.190","Pass","N/A"," 0.000"," 0.190"," 0.190","Pass","N/A","Pass","N/A","N/A","N/A","N/A","N/A","Pass","  89.1","Pass"," 600.0"," 900.0","  87.1","Pass","122.685"," 350.0"," 719.5","Pass"," 4.064"," 200.0","Pass","N/A"," 575.0"," 925.0"," 346.1","Pass","123.444","   836","    75","   761","Pass"," 2.225"
"/Principal/BANK_502/DDR_DQS3_P","Pass","Read rank(1,1)","U1.W24&W25","U1.W24&W25","N/A","N/A","N/A","N/A","N/A","N/A","N/A","N/A","N/A","N/A","N/A","N/A","N/A","N/A","N/A","N/A","N/A","N/A","N/A","N/A","N/A","N/A","N/A","N/A","N/A","N/A","N/A","N/A","N/A","N/A","N/A","N/A","N/A","N/A","N/A","N/A","N/A","N/A","N/A","N/A","N/A","N/A","N/A","N/A","N/A","N/A","N/A","N/A","N/A","N/A","N/A"
"/Principal/BANK_502/DDR_DQS3_P","Pass","Read rank(1,2)","U1.W24&W25","U1.W24&W25","N/A","N/A","N/A","N/A","N/A","N/A","N/A","N/A","N/A","N/A","N/A","N/A","N/A","N/A","N/A","N/A","N/A","N/A","N/A","N/A","N/A","N/A","N/A","N/A","N/A","N/A","N/A","N/A","N/A","N/A","N/A","N/A","N/A","N/A","N/A","N/A","N/A","N/A","N/A","N/A","N/A","N/A","N/A","N/A","N/A","N/A","N/A","N/A","N/A","N/A","N/A"
"/Principal/BANK_502/DDR_DQS3_P","Pass","Write rank(1,2)","U1.W24&W25","U3.F3&G3","   0.0"," 400.0"," 400.0","Pass","N/A","   0.0"," 400.0"," 400.0","Pass","N/A"," 0.000"," 0.190"," 0.190","Pass","N/A"," 0.000"," 0.190"," 0.190","Pass","N/A","Pass","N/A","N/A","N/A","N/A","N/A","Pass","  89.1","Pass"," 600.0"," 900.0","  94.8","Pass","35.497"," 350.0"," 739.7","Pass"," 4.149"," 200.0","Pass","N/A"," 575.0"," 925.0"," 354.4","Pass"," 4.153","   836","    75","   761","Pass"," 2.223"
"/Principal/BANK_502/DDR_A0","Pass","Write rank(1,1)","U1.K22","U2.N3","   0.0"," 400.0"," 400.0","Pass","N/A","   0.0"," 400.0"," 400.0","Pass","N/A"," 0.000"," 0.500"," 0.500","Pass","N/A"," 0.000"," 0.500"," 0.500","Pass","N/A","Pass","N/A","Pass","N/A","Pass","N/A","Pass"," 110.2","Pass","N/A","N/A","N/A","N/A","N/A","N/A","N/A","N/A","N/A","N/A","N/A","N/A","N/A","N/A","N/A","N/A","N/A","  1764","    75","  1689","Pass","37.564"
"/Principal/BANK_502/DDR_A0","Pass","Write rank(1,2)","U1.K22","U3.N3","   0.0"," 400.0"," 400.0","Pass","N/A","   0.0"," 400.0"," 400.0","Pass","N/A"," 0.000"," 0.500"," 0.500","Pass","N/A"," 0.000"," 0.500"," 0.500","Pass","N/A","Pass","N/A","Pass","N/A","Pass","N/A","Pass"," 114.8","Pass","N/A","N/A","N/A","N/A","N/A","N/A","N/A","N/A","N/A","N/A","N/A","N/A","N/A","N/A","N/A","N/A","N/A","  1759","    75","  1684","Pass","37.700"
"/Principal/BANK_502/DDR_A1","Pass","Write rank(1,1)","U1.K20","U2.P7","   0.0"," 400.0"," 400.0","Pass","N/A","   0.0"," 400.0"," 400.0","Pass","N/A"," 0.000"," 0.500"," 0.500","Pass","N/A"," 0.000"," 0.500"," 0.500","Pass","N/A","Pass","N/A","Pass","N/A","Pass","N/A","Pass"," 114.8","Pass","N/A","N/A","N/A","N/A","N/A","N/A","N/A","N/A","N/A","N/A","N/A","N/A","N/A","N/A","N/A","N/A","N/A","  1759","    75","  1684","Pass","37.537"
"/Principal/BANK_502/DDR_A1","Pass","Write rank(1,2)","U1.K20","U3.P7","   0.0"," 400.0"," 400.0","Pass","N/A","   0.0"," 400.0"," 400.0","Pass","N/A"," 0.000"," 0.500"," 0.500","Pass","N/A"," 0.000"," 0.500"," 0.500","Pass","N/A","Pass","N/A","Pass","N/A","Pass","N/A","Pass"," 119.4","Pass","N/A","N/A","N/A","N/A","N/A","N/A","N/A","N/A","N/A","N/A","N/A","N/A","N/A","N/A","N/A","N/A","N/A","  1759","    75","  1684","Pass","37.677"
"/Principal/BANK_502/DDR_A10","Pass","Write rank(1,1)","U1.M22","U2.L7","   0.0"," 400.0"," 400.0","Pass","N/A","   0.0"," 400.0"," 400.0","Pass","N/A"," 0.000"," 0.500"," 0.500","Pass","N/A"," 0.000"," 0.500"," 0.500","Pass","N/A","Pass","N/A","Pass","N/A","Pass","N/A","Pass"," 110.2","Pass","N/A","N/A","N/A","N/A","N/A","N/A","N/A","N/A","N/A","N/A","N/A","N/A","N/A","N/A","N/A","N/A","N/A","  1764","    75","  1689","Pass","50.667"
"/Principal/BANK_502/DDR_A10","Pass","Write rank(1,2)","U1.M22","U3.L7","   0.0"," 400.0"," 400.0","Pass","N/A","   0.0"," 400.0"," 400.0","Pass","N/A"," 0.000"," 0.500"," 0.500","Pass","N/A"," 0.000"," 0.500"," 0.500","Pass","N/A","Pass","N/A","Pass","N/A","Pass","N/A","Pass"," 110.2","Pass","N/A","N/A","N/A","N/A","N/A","N/A","N/A","N/A","N/A","N/A","N/A","N/A","N/A","N/A","N/A","N/A","N/A","  1764","    75","  1689","Pass"," 2.051"
"/Principal/BANK_502/DDR_A11","Pass","Write rank(1,1)","U1.H21","U2.R7","   0.0"," 400.0"," 400.0","Pass","N/A","   0.0"," 400.0"," 400.0","Pass","N/A"," 0.000"," 0.500"," 0.500","Pass","N/A"," 0.000"," 0.500"," 0.500","Pass","N/A","Pass","N/A","Pass","N/A","Pass","N/A","Pass"," 114.8","Pass","N/A","N/A","N/A","N/A","N/A","N/A","N/A","N/A","N/A","N/A","N/A","N/A","N/A","N/A","N/A","N/A","N/A","  1764","    75","  1689","Pass","39.378"
"/Principal/BANK_502/DDR_A11","Pass","Write rank(1,2)","U1.H21","U3.R7","   0.0"," 400.0"," 400.0","Pass","N/A","   0.0"," 400.0"," 400.0","Pass","N/A"," 0.000"," 0.500"," 0.500","Pass","N/A"," 0.000"," 0.500"," 0.500","Pass","N/A","Pass","N/A","Pass","N/A","Pass","N/A","Pass"," 119.4","Pass","N/A","N/A","N/A","N/A","N/A","N/A","N/A","N/A","N/A","N/A","N/A","N/A","N/A","N/A","N/A","N/A","N/A","  1759","    75","  1684","Pass","39.518"
"/Principal/BANK_502/DDR_A12","Pass","Write rank(1,1)","U1.P20","U2.N7","   0.0"," 400.0"," 400.0","Pass","N/A","   0.0"," 400.0"," 400.0","Pass","N/A"," 0.000"," 0.500"," 0.500","Pass","N/A"," 0.000"," 0.500"," 0.500","Pass","N/A","Pass","N/A","Pass","N/A","Pass","N/A","Pass"," 114.8","Pass","N/A","N/A","N/A","N/A","N/A","N/A","N/A","N/A","N/A","N/A","N/A","N/A","N/A","N/A","N/A","N/A","N/A","  1764","    75","  1689","Pass"," 3.800"
"/Principal/BANK_502/DDR_A12","Pass","Write rank(1,2)","U1.P20","U3.N7","   0.0"," 400.0"," 400.0","Pass","N/A","   0.0"," 400.0"," 400.0","Pass","N/A"," 0.000"," 0.500"," 0.500","Pass","N/A"," 0.000"," 0.500"," 0.500","Pass","N/A","Pass","N/A","Pass","N/A","Pass","N/A","Pass"," 119.4","Pass","N/A","N/A","N/A","N/A","N/A","N/A","N/A","N/A","N/A","N/A","N/A","N/A","N/A","N/A","N/A","N/A","N/A","  1759","    75","  1684","Pass"," 3.940"
"/Principal/BANK_502/DDR_A13","Pass","Write rank(1,1)","U1.J20","U2.T3","   0.0"," 400.0"," 400.0","Pass","N/A","   0.0"," 400.0"," 400.0","Pass","N/A"," 0.000"," 0.500"," 0.500","Pass","N/A"," 0.000"," 0.500"," 0.500","Pass","N/A","Pass","N/A","Pass","N/A","Pass","N/A","Pass"," 114.8","Pass","N/A","N/A","N/A","N/A","N/A","N/A","N/A","N/A","N/A","N/A","N/A","N/A","N/A","N/A","N/A","N/A","N/A","  1764","    75","  1689","Pass","71.287"
"/Principal/BANK_502/DDR_A13","Pass","Write rank(1,2)","U1.J20","U3.T3","   0.0"," 400.0"," 400.0","Pass","N/A","   0.0"," 400.0"," 400.0","Pass","N/A"," 0.000"," 0.500"," 0.500","Pass","N/A"," 0.000"," 0.500"," 0.500","Pass","N/A","Pass","N/A","Pass","N/A","Pass","N/A","Pass"," 114.8","Pass","N/A","N/A","N/A","N/A","N/A","N/A","N/A","N/A","N/A","N/A","N/A","N/A","N/A","N/A","N/A","N/A","N/A","  1759","    75","  1684","Pass","32.044"
"/Principal/BANK_502/DDR_A14","Pass","Write rank(1,1)","U1.R20","U2.T7","   0.0"," 400.0"," 400.0","Pass","N/A","   0.0"," 400.0"," 400.0","Pass","N/A"," 0.000"," 0.500"," 0.500","Pass","N/A"," 0.000"," 0.500"," 0.500","Pass","N/A","Pass","N/A","Pass","N/A","Pass","N/A","Pass"," 110.2","Pass","N/A","N/A","N/A","N/A","N/A","N/A","N/A","N/A","N/A","N/A","N/A","N/A","N/A","N/A","N/A","N/A","N/A","  1764","    75","  1689","Pass","13.141"
"/Principal/BANK_502/DDR_A14","Pass","Write rank(1,2)","U1.R20","U3.T7","   0.0"," 400.0"," 400.0","Pass","N/A","   0.0"," 400.0"," 400.0","Pass","N/A"," 0.000"," 0.500"," 0.500","Pass","N/A"," 0.000"," 0.500"," 0.500","Pass","N/A","Pass","N/A","Pass","N/A","Pass","N/A","Pass"," 114.8","Pass","N/A","N/A","N/A","N/A","N/A","N/A","N/A","N/A","N/A","N/A","N/A","N/A","N/A","N/A","N/A","N/A","N/A","  1759","    75","  1684","Pass","13.279"
"/Principal/BANK_502/DDR_A2","Pass","Write rank(1,1)","U1.N21","U2.P3","   0.0"," 400.0"," 400.0","Pass","N/A","   0.0"," 400.0"," 400.0","Pass","N/A"," 0.000"," 0.500"," 0.500","Pass","N/A"," 0.000"," 0.500"," 0.500","Pass","N/A","Pass","N/A","Pass","N/A","Pass","N/A","Pass"," 101.0","Pass","N/A","N/A","N/A","N/A","N/A","N/A","N/A","N/A","N/A","N/A","N/A","N/A","N/A","N/A","N/A","N/A","N/A","  1777","    75","  1702","Pass","48.791"
"/Principal/BANK_502/DDR_A2","Pass","Write rank(1,2)","U1.N21","U3.P3","   0.0"," 400.0"," 400.0","Pass","N/A","   0.0"," 400.0"," 400.0","Pass","N/A"," 0.000"," 0.500"," 0.500","Pass","N/A"," 0.000"," 0.500"," 0.500","Pass","N/A","Pass","N/A","Pass","N/A","Pass","N/A","Pass"," 105.6","Pass","N/A","N/A","N/A","N/A","N/A","N/A","N/A","N/A","N/A","N/A","N/A","N/A","N/A","N/A","N/A","N/A","N/A","  1768","    75","  1693","Pass","62.056"
"/Principal/BANK_502/DDR_A3","Pass","Write rank(1,1)","U1.L22","U2.N2","   0.0"," 400.0"," 400.0","Pass","N/A","   0.0"," 400.0"," 400.0","Pass","N/A"," 0.000"," 0.500"," 0.500","Pass","N/A"," 0.000"," 0.500"," 0.500","Pass","N/A","Pass","N/A","Pass","N/A","Pass","N/A","Pass"," 110.2","Pass","N/A","N/A","N/A","N/A","N/A","N/A","N/A","N/A","N/A","N/A","N/A","N/A","N/A","N/A","N/A","N/A","N/A","  1768","    75","  1693","Pass","22.538"
"/Principal/BANK_502/DDR_A3","Pass","Write rank(1,2)","U1.L22","U3.N2","   0.0"," 400.0"," 400.0","Pass","N/A","   0.0"," 400.0"," 400.0","Pass","N/A"," 0.000"," 0.500"," 0.500","Pass","N/A"," 0.000"," 0.500"," 0.500","Pass","N/A","Pass","N/A","Pass","N/A","Pass","N/A","Pass"," 110.2","Pass","N/A","N/A","N/A","N/A","N/A","N/A","N/A","N/A","N/A","N/A","N/A","N/A","N/A","N/A","N/A","N/A","N/A","  1764","    75","  1689","Pass","33.918"
"/Principal/BANK_502/DDR_A4","Pass","Write rank(1,1)","U1.M20","U2.P8","   0.0"," 400.0"," 400.0","Pass","N/A","   0.0"," 400.0"," 400.0","Pass","N/A"," 0.000"," 0.500"," 0.500","Pass","N/A"," 0.000"," 0.500"," 0.500","Pass","N/A","Pass","N/A","Pass","N/A","Pass","N/A","Pass"," 114.8","Pass","N/A","N/A","N/A","N/A","N/A","N/A","N/A","N/A","N/A","N/A","N/A","N/A","N/A","N/A","N/A","N/A","N/A","  1764","    75","  1689","Pass","60.049"
"/Principal/BANK_502/DDR_A4","Pass","Write rank(1,2)","U1.M20","U3.P8","   0.0"," 400.0"," 400.0","Pass","N/A","   0.0"," 400.0"," 400.0","Pass","N/A"," 0.000"," 0.500"," 0.500","Pass","N/A"," 0.000"," 0.500"," 0.500","Pass","N/A","Pass","N/A","Pass","N/A","Pass","N/A","Pass"," 119.4","Pass","N/A","N/A","N/A","N/A","N/A","N/A","N/A","N/A","N/A","N/A","N/A","N/A","N/A","N/A","N/A","N/A","N/A","  1759","    75","  1684","Pass","60.189"
"/Principal/BANK_502/DDR_A5","Pass","Write rank(1,1)","U1.N22","U2.P2","   0.0"," 400.0"," 400.0","Pass","N/A","   0.0"," 400.0"," 400.0","Pass","N/A"," 0.000"," 0.500"," 0.500","Pass","N/A"," 0.000"," 0.500"," 0.500","Pass","N/A","Pass","N/A","Pass","N/A","Pass","N/A","Pass"," 110.2","Pass","N/A","N/A","N/A","N/A","N/A","N/A","N/A","N/A","N/A","N/A","N/A","N/A","N/A","N/A","N/A","N/A","N/A","  1768","    75","  1693","Pass","58.169"
"/Principal/BANK_502/DDR_A5","Pass","Write rank(1,2)","U1.N22","U3.P2","   0.0"," 400.0"," 400.0","Pass","N/A","   0.0"," 400.0"," 400.0","Pass","N/A"," 0.000"," 0.500"," 0.500","Pass","N/A"," 0.000"," 0.500"," 0.500","Pass","N/A","Pass","N/A","Pass","N/A","Pass","N/A","Pass"," 110.2","Pass","N/A","N/A","N/A","N/A","N/A","N/A","N/A","N/A","N/A","N/A","N/A","N/A","N/A","N/A","N/A","N/A","N/A","  1764","    75","  1689","Pass","62.052"
"/Principal/BANK_502/DDR_A6","Pass","Write rank(1,1)","U1.L20","U2.R8","   0.0"," 400.0"," 400.0","Pass","N/A","   0.0"," 400.0"," 400.0","Pass","N/A"," 0.000"," 0.500"," 0.500","Pass","N/A"," 0.000"," 0.500"," 0.500","Pass","N/A","Pass","N/A","Pass","N/A","Pass","N/A","Pass"," 110.2","Pass","N/A","N/A","N/A","N/A","N/A","N/A","N/A","N/A","N/A","N/A","N/A","N/A","N/A","N/A","N/A","N/A","N/A","  1768","    75","  1693","Pass","13.162"
"/Principal/BANK_502/DDR_A6","Pass","Write rank(1,2)","U1.L20","U3.R8","   0.0"," 400.0"," 400.0","Pass","N/A","   0.0"," 400.0"," 400.0","Pass","N/A"," 0.000"," 0.500"," 0.500","Pass","N/A"," 0.000"," 0.500"," 0.500","Pass","N/A","Pass","N/A","Pass","N/A","Pass","N/A","Pass"," 114.8","Pass","N/A","N/A","N/A","N/A","N/A","N/A","N/A","N/A","N/A","N/A","N/A","N/A","N/A","N/A","N/A","N/A","N/A","  1759","    75","  1684","Pass","13.304"
"/Principal/BANK_502/DDR_A7","Pass","Write rank(1,1)","U1.J21","U2.R2","   0.0"," 400.0"," 400.0","Pass","N/A","   0.0"," 400.0"," 400.0","Pass","N/A"," 0.000"," 0.500"," 0.500","Pass","N/A"," 0.000"," 0.500"," 0.500","Pass","N/A","Pass","N/A","Pass","N/A","Pass","N/A","Pass"," 110.2","Pass","N/A","N/A","N/A","N/A","N/A","N/A","N/A","N/A","N/A","N/A","N/A","N/A","N/A","N/A","N/A","N/A","N/A","  1768","    75","  1693","Pass","50.669"
"/Principal/BANK_502/DDR_A7","Pass","Write rank(1,2)","U1.J21","U3.R2","   0.0"," 400.0"," 400.0","Pass","N/A","   0.0"," 400.0"," 400.0","Pass","N/A"," 0.000"," 0.500"," 0.500","Pass","N/A"," 0.000"," 0.500"," 0.500","Pass","N/A","Pass","N/A","Pass","N/A","Pass","N/A","Pass"," 114.8","Pass","N/A","N/A","N/A","N/A","N/A","N/A","N/A","N/A","N/A","N/A","N/A","N/A","N/A","N/A","N/A","N/A","N/A","  1759","    75","  1684","Pass","28.301"
"/Principal/BANK_502/DDR_A8","Pass","Write rank(1,1)","U1.T20","U2.T8","   0.0"," 400.0"," 400.0","Pass","N/A","   0.0"," 400.0"," 400.0","Pass","N/A"," 0.000"," 0.500"," 0.500","Pass","N/A"," 0.000"," 0.500"," 0.500","Pass","N/A","Pass","N/A","Pass","N/A","Pass","N/A","Pass"," 105.6","Pass","N/A","N/A","N/A","N/A","N/A","N/A","N/A","N/A","N/A","N/A","N/A","N/A","N/A","N/A","N/A","N/A","N/A","  1773","    75","  1698","Pass","56.283"
"/Principal/BANK_502/DDR_A8","Pass","Write rank(1,2)","U1.T20","U3.T8","   0.0"," 400.0"," 400.0","Pass","N/A","   0.0"," 400.0"," 400.0","Pass","N/A"," 0.000"," 0.500"," 0.500","Pass","N/A"," 0.000"," 0.500"," 0.500","Pass","N/A","Pass","N/A","Pass","N/A","Pass","N/A","Pass"," 114.8","Pass","N/A","N/A","N/A","N/A","N/A","N/A","N/A","N/A","N/A","N/A","N/A","N/A","N/A","N/A","N/A","N/A","N/A","  1759","    75","  1684","Pass","60.173"
"/Principal/BANK_502/DDR_A9","Pass","Write rank(1,1)","U1.U20","U2.R3","   0.0"," 400.0"," 400.0","Pass","N/A","   0.0"," 400.0"," 400.0","Pass","N/A"," 0.000"," 0.500"," 0.500","Pass","N/A"," 0.000"," 0.500"," 0.500","Pass","N/A","Pass","N/A","Pass","N/A","Pass","N/A","Pass"," 114.8","Pass","N/A","N/A","N/A","N/A","N/A","N/A","N/A","N/A","N/A","N/A","N/A","N/A","N/A","N/A","N/A","N/A","N/A","  1764","    75","  1689","Pass","22.538"
"/Principal/BANK_502/DDR_A9","Pass","Write rank(1,2)","U1.U20","U3.R3","   0.0"," 400.0"," 400.0","Pass","N/A","   0.0"," 400.0"," 400.0","Pass","N/A"," 0.000"," 0.500"," 0.500","Pass","N/A"," 0.000"," 0.500"," 0.500","Pass","N/A","Pass","N/A","Pass","N/A","Pass","N/A","Pass"," 114.8","Pass","N/A","N/A","N/A","N/A","N/A","N/A","N/A","N/A","N/A","N/A","N/A","N/A","N/A","N/A","N/A","N/A","N/A","  1759","    75","  1684","Pass","22.669"
"/Principal/BANK_502/DDR_BA0","Pass","Write rank(1,1)","U1.U22","U2.M2","   0.0"," 400.0"," 400.0","Pass","N/A","   0.0"," 400.0"," 400.0","Pass","N/A"," 0.000"," 0.500"," 0.500","Pass","N/A"," 0.000"," 0.500"," 0.500","Pass","N/A","Pass","N/A","Pass","N/A","Pass","N/A","Pass"," 110.2","Pass","N/A","N/A","N/A","N/A","N/A","N/A","N/A","N/A","N/A","N/A","N/A","N/A","N/A","N/A","N/A","N/A","N/A","  1768","    75","  1693","Pass","80.679"
"/Principal/BANK_502/DDR_BA0","Pass","Write rank(1,2)","U1.U22","U3.M2","   0.0"," 400.0"," 400.0","Pass","N/A","   0.0"," 400.0"," 400.0","Pass","N/A"," 0.000"," 0.500"," 0.500","Pass","N/A"," 0.000"," 0.500"," 0.500","Pass","N/A","Pass","N/A","Pass","N/A","Pass","N/A","Pass"," 110.2","Pass","N/A","N/A","N/A","N/A","N/A","N/A","N/A","N/A","N/A","N/A","N/A","N/A","N/A","N/A","N/A","N/A","N/A","  1764","    75","  1689","Pass","48.933"
"/Principal/BANK_502/DDR_BA1","Pass","Write rank(1,1)","U1.T22","U2.N8","   0.0"," 400.0"," 400.0","Pass","N/A","   0.0"," 400.0"," 400.0","Pass","N/A"," 0.000"," 0.500"," 0.500","Pass","N/A"," 0.000"," 0.500"," 0.500","Pass","N/A","Pass","N/A","Pass","N/A","Pass","N/A","Pass"," 105.6","Pass","N/A","N/A","N/A","N/A","N/A","N/A","N/A","N/A","N/A","N/A","N/A","N/A","N/A","N/A","N/A","N/A","N/A","  1768","    75","  1693","Pass","22.563"
"/Principal/BANK_502/DDR_BA1","Pass","Write rank(1,2)","U1.T22","U3.N8","   0.0"," 400.0"," 400.0","Pass","N/A","   0.0"," 400.0"," 400.0","Pass","N/A"," 0.000"," 0.500"," 0.500","Pass","N/A"," 0.000"," 0.500"," 0.500","Pass","N/A","Pass","N/A","Pass","N/A","Pass","N/A","Pass"," 114.8","Pass","N/A","N/A","N/A","N/A","N/A","N/A","N/A","N/A","N/A","N/A","N/A","N/A","N/A","N/A","N/A","N/A","N/A","  1759","    75","  1684","Pass","26.451"
"/Principal/BANK_502/DDR_BA2","Pass","Write rank(1,1)","U1.R22","U2.M3","   0.0"," 400.0"," 400.0","Pass","N/A","   0.0"," 400.0"," 400.0","Pass","N/A"," 0.000"," 0.500"," 0.500","Pass","N/A"," 0.000"," 0.500"," 0.500","Pass","N/A","Pass","N/A","Pass","N/A","Pass","N/A","Pass"," 105.6","Pass","N/A","N/A","N/A","N/A","N/A","N/A","N/A","N/A","N/A","N/A","N/A","N/A","N/A","N/A","N/A","N/A","N/A","  1777","    75","  1702","Pass","93.788"
"/Principal/BANK_502/DDR_BA2","Pass","Write rank(1,2)","U1.R22","U3.M3","   0.0"," 400.0"," 400.0","Pass","N/A","   0.0"," 400.0"," 400.0","Pass","N/A"," 0.000"," 0.500"," 0.500","Pass","N/A"," 0.000"," 0.500"," 0.500","Pass","N/A","Pass","N/A","Pass","N/A","Pass","N/A","Pass"," 105.6","Pass","N/A","N/A","N/A","N/A","N/A","N/A","N/A","N/A","N/A","N/A","N/A","N/A","N/A","N/A","N/A","N/A","N/A","  1773","    75","  1698","Pass","11.424"
"/Principal/BANK_502/DDR_CAS","Pass","Write rank(1,1)","U1.Y23","U2.K3","   0.0"," 400.0"," 400.0","Pass","N/A","   0.0"," 400.0"," 400.0","Pass","N/A"," 0.000"," 0.500"," 0.500","Pass","N/A"," 0.000"," 0.500"," 0.500","Pass","N/A","Pass","N/A","Pass","N/A","Pass","N/A","Pass"," 101.0","Pass","N/A","N/A","N/A","N/A","N/A","N/A","N/A","N/A","N/A","N/A","N/A","N/A","N/A","N/A","N/A","N/A","N/A","  1777","    75","  1702","Pass","52.575"
"/Principal/BANK_502/DDR_CAS","Pass","Write rank(1,2)","U1.Y23","U3.K3","   0.0"," 400.0"," 400.0","Pass","N/A","   0.0"," 400.0"," 400.0","Pass","N/A"," 0.000"," 0.500"," 0.500","Pass","N/A"," 0.000"," 0.500"," 0.500","Pass","N/A","Pass","N/A","Pass","N/A","Pass","N/A","Pass"," 105.6","Pass","N/A","N/A","N/A","N/A","N/A","N/A","N/A","N/A","N/A","N/A","N/A","N/A","N/A","N/A","N/A","N/A","N/A","  1768","    75","  1693","Pass","103.338"
"/Principal/BANK_502/DDR_CKE","Pass","Write rank(1,1)","U1.U21","U2.K9","   0.0"," 400.0"," 400.0","Pass","N/A","   0.0"," 400.0"," 400.0","Pass","N/A"," 0.000"," 0.500"," 0.500","Pass","N/A"," 0.000"," 0.500"," 0.500","Pass","N/A","Pass","N/A","Pass","N/A","Pass","N/A","Pass"," 110.2","Pass","N/A","N/A","N/A","N/A","N/A","N/A","N/A","N/A","N/A","N/A","N/A","N/A","N/A","N/A","N/A","N/A","N/A","  1768","    75","  1693","Pass","65.675"
"/Principal/BANK_502/DDR_CKE","Pass","Write rank(1,2)","U1.U21","U3.K9","   0.0"," 400.0"," 400.0","Pass","N/A","   0.0"," 400.0"," 400.0","Pass","N/A"," 0.000"," 0.500"," 0.500","Pass","N/A"," 0.000"," 0.500"," 0.500","Pass","N/A","Pass","N/A","Pass","N/A","Pass","N/A","Pass"," 110.2","Pass","N/A","N/A","N/A","N/A","N/A","N/A","N/A","N/A","N/A","N/A","N/A","N/A","N/A","N/A","N/A","N/A","N/A","  1764","    75","  1689","Pass","41.431"
"/Principal/BANK_502/DDR_CS","Pass","Write rank(1,1)","U1.Y21","U2.L2","   0.0"," 400.0"," 400.0","Pass","N/A","   0.0"," 400.0"," 400.0","Pass","N/A"," 0.000"," 0.500"," 0.500","Pass","N/A"," 0.000"," 0.500"," 0.500","Pass","N/A","Pass","N/A","Pass","N/A","Pass","N/A","Pass"," 105.6","Pass","N/A","N/A","N/A","N/A","N/A","N/A","N/A","N/A","N/A","N/A","N/A","N/A","N/A","N/A","N/A","N/A","N/A","  1773","    75","  1698","Pass","50.701"
"/Principal/BANK_502/DDR_CS","Pass","Write rank(1,2)","U1.Y21","U3.L2","   0.0"," 400.0"," 400.0","Pass","N/A","   0.0"," 400.0"," 400.0","Pass","N/A"," 0.000"," 0.500"," 0.500","Pass","N/A"," 0.000"," 0.500"," 0.500","Pass","N/A","Pass","N/A","Pass","N/A","Pass","N/A","Pass"," 114.8","Pass","N/A","N/A","N/A","N/A","N/A","N/A","N/A","N/A","N/A","N/A","N/A","N/A","N/A","N/A","N/A","N/A","N/A","  1764","    75","  1689","Pass","65.831"
"/Principal/BANK_502/DDR_DM0","Fail","Write rank(1,1)","U1.G24","U2.D3"," 324.1"," 400.0","  75.9","Pass","104.675"," 422.8"," 400.0"," -22.8","Fail","21.225"," 0.165"," 0.190"," 0.025","Pass","81.647"," 0.239"," 0.190","-0.049","Fail","12.108","Pass","N/A","Pass","N/A","Pass","N/A","Pass","  67.9","Pass","N/A","N/A","N/A","N/A","N/A","N/A","N/A","N/A","N/A","N/A","N/A","N/A","N/A","N/A","N/A","N/A","N/A","   776","    75","   701","Pass","20.580"
"/Principal/BANK_502/DDR_DM1","Fail","Write rank(1,1)","U1.K25","U2.E7"," 316.6"," 400.0","  83.4","Pass","41.250"," 393.4"," 400.0","   6.6","Pass","87.209"," 0.147"," 0.190"," 0.043","Pass","118.096"," 0.204"," 0.190","-0.014","Fail","48.613","Pass","N/A","Pass","N/A","Pass","N/A","Pass","  89.1","Pass","N/A","N/A","N/A","N/A","N/A","N/A","N/A","N/A","N/A","N/A","N/A","N/A","N/A","N/A","N/A","N/A","N/A","   776","    75","   701","Pass","38.335"
"/Principal/BANK_502/DDR_DM2","Fail","Write rank(1,2)","U1.P26","U3.D3"," 308.6"," 400.0","  91.4","Pass","85.452"," 383.7"," 400.0","  16.3","Pass","54.516"," 0.152"," 0.190"," 0.038","Pass","85.363"," 0.224"," 0.190","-0.034","Fail","10.220","Pass","N/A","Pass","N/A","Pass","N/A","Pass","  63.6","Pass","N/A","N/A","N/A","N/A","N/A","N/A","N/A","N/A","N/A","N/A","N/A","N/A","N/A","N/A","N/A","N/A","N/A","   772","    75","   697","Pass","90.887"
"/Principal/BANK_502/DDR_DM3","Fail","Write rank(1,2)","U1.V26","U3.E7"," 349.8"," 400.0","  50.2","Pass","88.185"," 441.2"," 400.0"," -41.2","Fail","21.416"," 0.205"," 0.190","-0.015","Fail","103.057"," 0.265"," 0.190","-0.075","Fail","21.450","Pass","N/A","Pass","N/A","Pass","N/A","Pass","  63.6","Pass","N/A","N/A","N/A","N/A","N/A","N/A","N/A","N/A","N/A","N/A","N/A","N/A","N/A","N/A","N/A","N/A","N/A","   789","    75","   714","Pass","20.574"
"/Principal/BANK_502/DDR_DQ0","Pass","Read rank(1,1)","U1.J26","U1.J26","N/A","N/A","N/A","N/A","N/A","N/A","N/A","N/A","N/A","N/A","N/A","N/A","N/A","N/A","N/A","N/A","N/A","N/A","N/A","N/A","N/A","N/A","N/A","N/A","N/A","N/A","N/A","N/A","N/A","N/A","N/A","N/A","N/A","N/A","N/A","N/A","N/A","N/A","N/A","N/A","N/A","N/A","N/A","N/A","N/A","N/A","N/A","N/A","N/A","N/A","N/A"
"/Principal/BANK_502/DDR_DQ0","Pass","Read rank(1,2)","U1.J26","U1.J26","N/A","N/A","N/A","N/A","N/A","N/A","N/A","N/A","N/A","N/A","N/A","N/A","N/A","N/A","N/A","N/A","N/A","N/A","N/A","N/A","N/A","N/A","N/A","N/A","N/A","N/A","N/A","N/A","N/A","N/A","N/A","N/A","N/A","N/A","N/A","N/A","N/A","N/A","N/A","N/A","N/A","N/A","N/A","N/A","N/A","N/A","N/A","N/A","N/A","N/A","N/A"
"/Principal/BANK_502/DDR_DQ0","Pass","Write rank(1,1)","U1.J26","U2.C8","   0.0"," 400.0"," 400.0","Pass","N/A","   0.0"," 400.0"," 400.0","Pass","N/A"," 0.000"," 0.190"," 0.190","Pass","N/A"," 0.000"," 0.190"," 0.190","Pass","N/A","Pass","N/A","Pass","N/A","Pass","N/A","Pass","  97.6","Pass","N/A","N/A","N/A","N/A","N/A","N/A","N/A","N/A","N/A","N/A","N/A","N/A","N/A","N/A","N/A","N/A","N/A","   806","    75","   731","Pass","17.689"
"/Principal/BANK_502/DDR_DQ1","Pass","Read rank(1,1)","U1.F25","U1.F25","N/A","N/A","N/A","N/A","N/A","N/A","N/A","N/A","N/A","N/A","N/A","N/A","N/A","N/A","N/A","N/A","N/A","N/A","N/A","N/A","N/A","N/A","N/A","N/A","N/A","N/A","N/A","N/A","N/A","N/A","N/A","N/A","N/A","N/A","N/A","N/A","N/A","N/A","N/A","N/A","N/A","N/A","N/A","N/A","N/A","N/A","N/A","N/A","N/A","N/A","N/A"
"/Principal/BANK_502/DDR_DQ1","Pass","Read rank(1,2)","U1.F25","U1.F25","N/A","N/A","N/A","N/A","N/A","N/A","N/A","N/A","N/A","N/A","N/A","N/A","N/A","N/A","N/A","N/A","N/A","N/A","N/A","N/A","N/A","N/A","N/A","N/A","N/A","N/A","N/A","N/A","N/A","N/A","N/A","N/A","N/A","N/A","N/A","N/A","N/A","N/A","N/A","N/A","N/A","N/A","N/A","N/A","N/A","N/A","N/A","N/A","N/A","N/A","N/A"
"/Principal/BANK_502/DDR_DQ1","Pass","Write rank(1,1)","U1.F25","U2.A3","   0.0"," 400.0"," 400.0","Pass","N/A","   0.0"," 400.0"," 400.0","Pass","N/A"," 0.000"," 0.190"," 0.190","Pass","N/A"," 0.000"," 0.190"," 0.190","Pass","N/A","Pass","N/A","Pass","N/A","Pass","N/A","Pass","  97.6","Pass","N/A","N/A","N/A","N/A","N/A","N/A","N/A","N/A","N/A","N/A","N/A","N/A","N/A","N/A","N/A","N/A","N/A","   806","    75","   731","Pass","82.389"
"/Principal/BANK_502/DDR_DQ10","Pass","Read rank(1,1)","U1.M26","U1.M26","N/A","N/A","N/A","N/A","N/A","N/A","N/A","N/A","N/A","N/A","N/A","N/A","N/A","N/A","N/A","N/A","N/A","N/A","N/A","N/A","N/A","N/A","N/A","N/A","N/A","N/A","N/A","N/A","N/A","N/A","N/A","N/A","N/A","N/A","N/A","N/A","N/A","N/A","N/A","N/A","N/A","N/A","N/A","N/A","N/A","N/A","N/A","N/A","N/A","N/A","N/A"
"/Principal/BANK_502/DDR_DQ10","Pass","Read rank(1,2)","U1.M26","U1.M26","N/A","N/A","N/A","N/A","N/A","N/A","N/A","N/A","N/A","N/A","N/A","N/A","N/A","N/A","N/A","N/A","N/A","N/A","N/A","N/A","N/A","N/A","N/A","N/A","N/A","N/A","N/A","N/A","N/A","N/A","N/A","N/A","N/A","N/A","N/A","N/A","N/A","N/A","N/A","N/A","N/A","N/A","N/A","N/A","N/A","N/A","N/A","N/A","N/A","N/A","N/A"
"/Principal/BANK_502/DDR_DQ10","Pass","Write rank(1,1)","U1.M26","U2.F8","   0.0"," 400.0"," 400.0","Pass","N/A","   0.0"," 400.0"," 400.0","Pass","N/A"," 0.000"," 0.190"," 0.190","Pass","N/A"," 0.000"," 0.190"," 0.190","Pass","N/A","Pass","N/A","Pass","N/A","Pass","N/A","Pass","  93.3","Pass","N/A","N/A","N/A","N/A","N/A","N/A","N/A","N/A","N/A","N/A","N/A","N/A","N/A","N/A","N/A","N/A","N/A","   806","    75","   731","Pass","12.047"
"/Principal/BANK_502/DDR_DQ11","Pass","Read rank(1,1)","U1.K23","U1.K23","N/A","N/A","N/A","N/A","N/A","N/A","N/A","N/A","N/A","N/A","N/A","N/A","N/A","N/A","N/A","N/A","N/A","N/A","N/A","N/A","N/A","N/A","N/A","N/A","N/A","N/A","N/A","N/A","N/A","N/A","N/A","N/A","N/A","N/A","N/A","N/A","N/A","N/A","N/A","N/A","N/A","N/A","N/A","N/A","N/A","N/A","N/A","N/A","N/A","N/A","N/A"
"/Principal/BANK_502/DDR_DQ11","Pass","Read rank(1,2)","U1.K23","U1.K23","N/A","N/A","N/A","N/A","N/A","N/A","N/A","N/A","N/A","N/A","N/A","N/A","N/A","N/A","N/A","N/A","N/A","N/A","N/A","N/A","N/A","N/A","N/A","N/A","N/A","N/A","N/A","N/A","N/A","N/A","N/A","N/A","N/A","N/A","N/A","N/A","N/A","N/A","N/A","N/A","N/A","N/A","N/A","N/A","N/A","N/A","N/A","N/A","N/A","N/A","N/A"
"/Principal/BANK_502/DDR_DQ11","Pass","Write rank(1,1)","U1.K23","U2.E3","   0.0"," 400.0"," 400.0","Pass","N/A","   0.0"," 400.0"," 400.0","Pass","N/A"," 0.000"," 0.190"," 0.190","Pass","N/A"," 0.000"," 0.190"," 0.190","Pass","N/A","Pass","N/A","Pass","N/A","Pass","N/A","Pass","  93.3","Pass","N/A","N/A","N/A","N/A","N/A","N/A","N/A","N/A","N/A","N/A","N/A","N/A","N/A","N/A","N/A","N/A","N/A","   810","    75","   735","Pass"," 6.400"
"/Principal/BANK_502/DDR_DQ12","Pass","Read rank(1,1)","U1.M25","U1.M25","N/A","N/A","N/A","N/A","N/A","N/A","N/A","N/A","N/A","N/A","N/A","N/A","N/A","N/A","N/A","N/A","N/A","N/A","N/A","N/A","N/A","N/A","N/A","N/A","N/A","N/A","N/A","N/A","N/A","N/A","N/A","N/A","N/A","N/A","N/A","N/A","N/A","N/A","N/A","N/A","N/A","N/A","N/A","N/A","N/A","N/A","N/A","N/A","N/A","N/A","N/A"
"/Principal/BANK_502/DDR_DQ12","Pass","Read rank(1,2)","U1.M25","U1.M25","N/A","N/A","N/A","N/A","N/A","N/A","N/A","N/A","N/A","N/A","N/A","N/A","N/A","N/A","N/A","N/A","N/A","N/A","N/A","N/A","N/A","N/A","N/A","N/A","N/A","N/A","N/A","N/A","N/A","N/A","N/A","N/A","N/A","N/A","N/A","N/A","N/A","N/A","N/A","N/A","N/A","N/A","N/A","N/A","N/A","N/A","N/A","N/A","N/A","N/A","N/A"
"/Principal/BANK_502/DDR_DQ12","Pass","Write rank(1,1)","U1.M25","U2.F7","   0.0"," 400.0"," 400.0","Pass","N/A","   0.0"," 400.0"," 400.0","Pass","N/A"," 0.000"," 0.190"," 0.190","Pass","N/A"," 0.000"," 0.190"," 0.190","Pass","N/A","Pass","N/A","Pass","N/A","Pass","N/A","Pass","  93.3","Pass","N/A","N/A","N/A","N/A","N/A","N/A","N/A","N/A","N/A","N/A","N/A","N/A","N/A","N/A","N/A","N/A","N/A","   806","    75","   731","Pass","11.101"
"/Principal/BANK_502/DDR_DQ13","Pass","Read rank(1,1)","U1.N24","U1.N24","N/A","N/A","N/A","N/A","N/A","N/A","N/A","N/A","N/A","N/A","N/A","N/A","N/A","N/A","N/A","N/A","N/A","N/A","N/A","N/A","N/A","N/A","N/A","N/A","N/A","N/A","N/A","N/A","N/A","N/A","N/A","N/A","N/A","N/A","N/A","N/A","N/A","N/A","N/A","N/A","N/A","N/A","N/A","N/A","N/A","N/A","N/A","N/A","N/A","N/A","N/A"
"/Principal/BANK_502/DDR_DQ13","Pass","Read rank(1,2)","U1.N24","U1.N24","N/A","N/A","N/A","N/A","N/A","N/A","N/A","N/A","N/A","N/A","N/A","N/A","N/A","N/A","N/A","N/A","N/A","N/A","N/A","N/A","N/A","N/A","N/A","N/A","N/A","N/A","N/A","N/A","N/A","N/A","N/A","N/A","N/A","N/A","N/A","N/A","N/A","N/A","N/A","N/A","N/A","N/A","N/A","N/A","N/A","N/A","N/A","N/A","N/A","N/A","N/A"
"/Principal/BANK_502/DDR_DQ13","Pass","Write rank(1,1)","U1.N24","U2.F2","   0.0"," 400.0"," 400.0","Pass","N/A","   0.0"," 400.0"," 400.0","Pass","N/A"," 0.000"," 0.190"," 0.190","Pass","N/A"," 0.000"," 0.190"," 0.190","Pass","N/A","Pass","N/A","Pass","N/A","Pass","N/A","Pass","  97.6","Pass","N/A","N/A","N/A","N/A","N/A","N/A","N/A","N/A","N/A","N/A","N/A","N/A","N/A","N/A","N/A","N/A","N/A","   806","    75","   731","Pass","43.906"
"/Principal/BANK_502/DDR_DQ14","Pass","Read rank(1,1)","U1.M24","U1.M24","N/A","N/A","N/A","N/A","N/A","N/A","N/A","N/A","N/A","N/A","N/A","N/A","N/A","N/A","N/A","N/A","N/A","N/A","N/A","N/A","N/A","N/A","N/A","N/A","N/A","N/A","N/A","N/A","N/A","N/A","N/A","N/A","N/A","N/A","N/A","N/A","N/A","N/A","N/A","N/A","N/A","N/A","N/A","N/A","N/A","N/A","N/A","N/A","N/A","N/A","N/A"
"/Principal/BANK_502/DDR_DQ14","Pass","Read rank(1,2)","U1.M24","U1.M24","N/A","N/A","N/A","N/A","N/A","N/A","N/A","N/A","N/A","N/A","N/A","N/A","N/A","N/A","N/A","N/A","N/A","N/A","N/A","N/A","N/A","N/A","N/A","N/A","N/A","N/A","N/A","N/A","N/A","N/A","N/A","N/A","N/A","N/A","N/A","N/A","N/A","N/A","N/A","N/A","N/A","N/A","N/A","N/A","N/A","N/A","N/A","N/A","N/A","N/A","N/A"
"/Principal/BANK_502/DDR_DQ14","Pass","Write rank(1,1)","U1.M24","U2.H7","   0.0"," 400.0"," 400.0","Pass","N/A","   0.0"," 400.0"," 400.0","Pass","N/A"," 0.000"," 0.190"," 0.190","Pass","N/A"," 0.000"," 0.190"," 0.190","Pass","N/A","Pass","N/A","Pass","N/A","Pass","N/A","Pass","  93.3","Pass","N/A","N/A","N/A","N/A","N/A","N/A","N/A","N/A","N/A","N/A","N/A","N/A","N/A","N/A","N/A","N/A","N/A","   806","    75","   731","Pass"," 1.716"
"/Principal/BANK_502/DDR_DQ15","Pass","Read rank(1,1)","U1.N23","U1.N23","N/A","N/A","N/A","N/A","N/A","N/A","N/A","N/A","N/A","N/A","N/A","N/A","N/A","N/A","N/A","N/A","N/A","N/A","N/A","N/A","N/A","N/A","N/A","N/A","N/A","N/A","N/A","N/A","N/A","N/A","N/A","N/A","N/A","N/A","N/A","N/A","N/A","N/A","N/A","N/A","N/A","N/A","N/A","N/A","N/A","N/A","N/A","N/A","N/A","N/A","N/A"
"/Principal/BANK_502/DDR_DQ15","Pass","Read rank(1,2)","U1.N23","U1.N23","N/A","N/A","N/A","N/A","N/A","N/A","N/A","N/A","N/A","N/A","N/A","N/A","N/A","N/A","N/A","N/A","N/A","N/A","N/A","N/A","N/A","N/A","N/A","N/A","N/A","N/A","N/A","N/A","N/A","N/A","N/A","N/A","N/A","N/A","N/A","N/A","N/A","N/A","N/A","N/A","N/A","N/A","N/A","N/A","N/A","N/A","N/A","N/A","N/A","N/A","N/A"
"/Principal/BANK_502/DDR_DQ15","Pass","Write rank(1,1)","U1.N23","U2.G2","   0.0"," 400.0"," 400.0","Pass","N/A","   0.0"," 400.0"," 400.0","Pass","N/A"," 0.000"," 0.190"," 0.190","Pass","N/A"," 0.000"," 0.190"," 0.190","Pass","N/A","Pass","N/A","Pass","N/A","Pass","N/A","Pass","  93.3","Pass","N/A","N/A","N/A","N/A","N/A","N/A","N/A","N/A","N/A","N/A","N/A","N/A","N/A","N/A","N/A","N/A","N/A","   806","    75","   731","Pass"," 9.213"
"/Principal/BANK_502/DDR_DQ16","Pass","Read rank(1,1)","U1.R26","U1.R26","N/A","N/A","N/A","N/A","N/A","N/A","N/A","N/A","N/A","N/A","N/A","N/A","N/A","N/A","N/A","N/A","N/A","N/A","N/A","N/A","N/A","N/A","N/A","N/A","N/A","N/A","N/A","N/A","N/A","N/A","N/A","N/A","N/A","N/A","N/A","N/A","N/A","N/A","N/A","N/A","N/A","N/A","N/A","N/A","N/A","N/A","N/A","N/A","N/A","N/A","N/A"
"/Principal/BANK_502/DDR_DQ16","Pass","Read rank(1,2)","U1.R26","U1.R26","N/A","N/A","N/A","N/A","N/A","N/A","N/A","N/A","N/A","N/A","N/A","N/A","N/A","N/A","N/A","N/A","N/A","N/A","N/A","N/A","N/A","N/A","N/A","N/A","N/A","N/A","N/A","N/A","N/A","N/A","N/A","N/A","N/A","N/A","N/A","N/A","N/A","N/A","N/A","N/A","N/A","N/A","N/A","N/A","N/A","N/A","N/A","N/A","N/A","N/A","N/A"
"/Principal/BANK_502/DDR_DQ16","Pass","Write rank(1,2)","U1.R26","U3.C3","   0.0"," 400.0"," 400.0","Pass","N/A","   0.0"," 400.0"," 400.0","Pass","N/A"," 0.000"," 0.190"," 0.190","Pass","N/A"," 0.000"," 0.190"," 0.190","Pass","N/A","Pass","N/A","Pass","N/A","Pass","N/A","Pass","  93.3","Pass","N/A","N/A","N/A","N/A","N/A","N/A","N/A","N/A","N/A","N/A","N/A","N/A","N/A","N/A","N/A","N/A","N/A","   806","    75","   731","Pass"," 4.561"
"/Principal/BANK_502/DDR_DQ17","Pass","Read rank(1,1)","U1.P24","U1.P24","N/A","N/A","N/A","N/A","N/A","N/A","N/A","N/A","N/A","N/A","N/A","N/A","N/A","N/A","N/A","N/A","N/A","N/A","N/A","N/A","N/A","N/A","N/A","N/A","N/A","N/A","N/A","N/A","N/A","N/A","N/A","N/A","N/A","N/A","N/A","N/A","N/A","N/A","N/A","N/A","N/A","N/A","N/A","N/A","N/A","N/A","N/A","N/A","N/A","N/A","N/A"
"/Principal/BANK_502/DDR_DQ17","Pass","Read rank(1,2)","U1.P24","U1.P24","N/A","N/A","N/A","N/A","N/A","N/A","N/A","N/A","N/A","N/A","N/A","N/A","N/A","N/A","N/A","N/A","N/A","N/A","N/A","N/A","N/A","N/A","N/A","N/A","N/A","N/A","N/A","N/A","N/A","N/A","N/A","N/A","N/A","N/A","N/A","N/A","N/A","N/A","N/A","N/A","N/A","N/A","N/A","N/A","N/A","N/A","N/A","N/A","N/A","N/A","N/A"
"/Principal/BANK_502/DDR_DQ17","Pass","Write rank(1,2)","U1.P24","U3.C2","   0.0"," 400.0"," 400.0","Pass","N/A","   0.0"," 400.0"," 400.0","Pass","N/A"," 0.000"," 0.190"," 0.190","Pass","N/A"," 0.000"," 0.190"," 0.190","Pass","N/A","Pass","N/A","Pass","N/A","Pass","N/A","Pass","  97.6","Pass","N/A","N/A","N/A","N/A","N/A","N/A","N/A","N/A","N/A","N/A","N/A","N/A","N/A","N/A","N/A","N/A","N/A","   810","    75","   735","Pass","18.656"
"/Principal/BANK_502/DDR_DQ18","Pass","Read rank(1,1)","U1.N26","U1.N26","N/A","N/A","N/A","N/A","N/A","N/A","N/A","N/A","N/A","N/A","N/A","N/A","N/A","N/A","N/A","N/A","N/A","N/A","N/A","N/A","N/A","N/A","N/A","N/A","N/A","N/A","N/A","N/A","N/A","N/A","N/A","N/A","N/A","N/A","N/A","N/A","N/A","N/A","N/A","N/A","N/A","N/A","N/A","N/A","N/A","N/A","N/A","N/A","N/A","N/A","N/A"
"/Principal/BANK_502/DDR_DQ18","Pass","Read rank(1,2)","U1.N26","U1.N26","N/A","N/A","N/A","N/A","N/A","N/A","N/A","N/A","N/A","N/A","N/A","N/A","N/A","N/A","N/A","N/A","N/A","N/A","N/A","N/A","N/A","N/A","N/A","N/A","N/A","N/A","N/A","N/A","N/A","N/A","N/A","N/A","N/A","N/A","N/A","N/A","N/A","N/A","N/A","N/A","N/A","N/A","N/A","N/A","N/A","N/A","N/A","N/A","N/A","N/A","N/A"
"/Principal/BANK_502/DDR_DQ18","Pass","Write rank(1,2)","U1.N26","U3.A3","   0.0"," 400.0"," 400.0","Pass","N/A","   0.0"," 400.0"," 400.0","Pass","N/A"," 0.000"," 0.190"," 0.190","Pass","N/A"," 0.000"," 0.190"," 0.190","Pass","N/A","Pass","N/A","Pass","N/A","Pass","N/A","Pass","  97.6","Pass","N/A","N/A","N/A","N/A","N/A","N/A","N/A","N/A","N/A","N/A","N/A","N/A","N/A","N/A","N/A","N/A","N/A","   806","    75","   731","Pass","93.628"
"/Principal/BANK_502/DDR_DQ19","Pass","Read rank(1,1)","U1.P23","U1.P23","N/A","N/A","N/A","N/A","N/A","N/A","N/A","N/A","N/A","N/A","N/A","N/A","N/A","N/A","N/A","N/A","N/A","N/A","N/A","N/A","N/A","N/A","N/A","N/A","N/A","N/A","N/A","N/A","N/A","N/A","N/A","N/A","N/A","N/A","N/A","N/A","N/A","N/A","N/A","N/A","N/A","N/A","N/A","N/A","N/A","N/A","N/A","N/A","N/A","N/A","N/A"
"/Principal/BANK_502/DDR_DQ19","Pass","Read rank(1,2)","U1.P23","U1.P23","N/A","N/A","N/A","N/A","N/A","N/A","N/A","N/A","N/A","N/A","N/A","N/A","N/A","N/A","N/A","N/A","N/A","N/A","N/A","N/A","N/A","N/A","N/A","N/A","N/A","N/A","N/A","N/A","N/A","N/A","N/A","N/A","N/A","N/A","N/A","N/A","N/A","N/A","N/A","N/A","N/A","N/A","N/A","N/A","N/A","N/A","N/A","N/A","N/A","N/A","N/A"
"/Principal/BANK_502/DDR_DQ19","Pass","Write rank(1,2)","U1.P23","U3.A2","   0.0"," 400.0"," 400.0","Pass","N/A","   0.0"," 400.0"," 400.0","Pass","N/A"," 0.000"," 0.190"," 0.190","Pass","N/A"," 0.000"," 0.190"," 0.190","Pass","N/A","Pass","N/A","Pass","N/A","Pass","N/A","Pass","  97.6","Pass","N/A","N/A","N/A","N/A","N/A","N/A","N/A","N/A","N/A","N/A","N/A","N/A","N/A","N/A","N/A","N/A","N/A","   806","    75","   731","Pass","18.599"
"/Principal/BANK_502/DDR_DQ2","Pass","Read rank(1,1)","U1.J25","U1.J25","N/A","N/A","N/A","N/A","N/A","N/A","N/A","N/A","N/A","N/A","N/A","N/A","N/A","N/A","N/A","N/A","N/A","N/A","N/A","N/A","N/A","N/A","N/A","N/A","N/A","N/A","N/A","N/A","N/A","N/A","N/A","N/A","N/A","N/A","N/A","N/A","N/A","N/A","N/A","N/A","N/A","N/A","N/A","N/A","N/A","N/A","N/A","N/A","N/A","N/A","N/A"
"/Principal/BANK_502/DDR_DQ2","Pass","Read rank(1,2)","U1.J25","U1.J25","N/A","N/A","N/A","N/A","N/A","N/A","N/A","N/A","N/A","N/A","N/A","N/A","N/A","N/A","N/A","N/A","N/A","N/A","N/A","N/A","N/A","N/A","N/A","N/A","N/A","N/A","N/A","N/A","N/A","N/A","N/A","N/A","N/A","N/A","N/A","N/A","N/A","N/A","N/A","N/A","N/A","N/A","N/A","N/A","N/A","N/A","N/A","N/A","N/A","N/A","N/A"
"/Principal/BANK_502/DDR_DQ2","Pass","Write rank(1,1)","U1.J25","U2.A7","   0.0"," 400.0"," 400.0","Pass","N/A","   0.0"," 400.0"," 400.0","Pass","N/A"," 0.000"," 0.190"," 0.190","Pass","N/A"," 0.000"," 0.190"," 0.190","Pass","N/A","Pass","N/A","Pass","N/A","Pass","N/A","Pass","  97.6","Pass","N/A","N/A","N/A","N/A","N/A","N/A","N/A","N/A","N/A","N/A","N/A","N/A","N/A","N/A","N/A","N/A","N/A","   806","    75","   731","Pass","14.876"
"/Principal/BANK_502/DDR_DQ20","Pass","Read rank(1,1)","U1.T24","U1.T24","N/A","N/A","N/A","N/A","N/A","N/A","N/A","N/A","N/A","N/A","N/A","N/A","N/A","N/A","N/A","N/A","N/A","N/A","N/A","N/A","N/A","N/A","N/A","N/A","N/A","N/A","N/A","N/A","N/A","N/A","N/A","N/A","N/A","N/A","N/A","N/A","N/A","N/A","N/A","N/A","N/A","N/A","N/A","N/A","N/A","N/A","N/A","N/A","N/A","N/A","N/A"
"/Principal/BANK_502/DDR_DQ20","Pass","Read rank(1,2)","U1.T24","U1.T24","N/A","N/A","N/A","N/A","N/A","N/A","N/A","N/A","N/A","N/A","N/A","N/A","N/A","N/A","N/A","N/A","N/A","N/A","N/A","N/A","N/A","N/A","N/A","N/A","N/A","N/A","N/A","N/A","N/A","N/A","N/A","N/A","N/A","N/A","N/A","N/A","N/A","N/A","N/A","N/A","N/A","N/A","N/A","N/A","N/A","N/A","N/A","N/A","N/A","N/A","N/A"
"/Principal/BANK_502/DDR_DQ20","Pass","Write rank(1,2)","U1.T24","U3.B8","   0.0"," 400.0"," 400.0","Pass","N/A","   0.0"," 400.0"," 400.0","Pass","N/A"," 0.000"," 0.190"," 0.190","Pass","N/A"," 0.000"," 0.190"," 0.190","Pass","N/A","Pass","N/A","Pass","N/A","Pass","N/A","Pass","  97.6","Pass","N/A","N/A","N/A","N/A","N/A","N/A","N/A","N/A","N/A","N/A","N/A","N/A","N/A","N/A","N/A","N/A","N/A","   806","    75","   731","Pass","112.409"
"/Principal/BANK_502/DDR_DQ21","Pass","Read rank(1,1)","U1.T25","U1.T25","N/A","N/A","N/A","N/A","N/A","N/A","N/A","N/A","N/A","N/A","N/A","N/A","N/A","N/A","N/A","N/A","N/A","N/A","N/A","N/A","N/A","N/A","N/A","N/A","N/A","N/A","N/A","N/A","N/A","N/A","N/A","N/A","N/A","N/A","N/A","N/A","N/A","N/A","N/A","N/A","N/A","N/A","N/A","N/A","N/A","N/A","N/A","N/A","N/A","N/A","N/A"
"/Principal/BANK_502/DDR_DQ21","Pass","Read rank(1,2)","U1.T25","U1.T25","N/A","N/A","N/A","N/A","N/A","N/A","N/A","N/A","N/A","N/A","N/A","N/A","N/A","N/A","N/A","N/A","N/A","N/A","N/A","N/A","N/A","N/A","N/A","N/A","N/A","N/A","N/A","N/A","N/A","N/A","N/A","N/A","N/A","N/A","N/A","N/A","N/A","N/A","N/A","N/A","N/A","N/A","N/A","N/A","N/A","N/A","N/A","N/A","N/A","N/A","N/A"
"/Principal/BANK_502/DDR_DQ21","Pass","Write rank(1,2)","U1.T25","U3.D7","   0.0"," 400.0"," 400.0","Pass","N/A","   0.0"," 400.0"," 400.0","Pass","N/A"," 0.000"," 0.190"," 0.190","Pass","N/A"," 0.000"," 0.190"," 0.190","Pass","N/A","Pass","N/A","Pass","N/A","Pass","N/A","Pass","  93.3","Pass","N/A","N/A","N/A","N/A","N/A","N/A","N/A","N/A","N/A","N/A","N/A","N/A","N/A","N/A","N/A","N/A","N/A","   815","    75","   740","Pass","56.171"
"/Principal/BANK_502/DDR_DQ22","Pass","Read rank(1,1)","U1.T23","U1.T23","N/A","N/A","N/A","N/A","N/A","N/A","N/A","N/A","N/A","N/A","N/A","N/A","N/A","N/A","N/A","N/A","N/A","N/A","N/A","N/A","N/A","N/A","N/A","N/A","N/A","N/A","N/A","N/A","N/A","N/A","N/A","N/A","N/A","N/A","N/A","N/A","N/A","N/A","N/A","N/A","N/A","N/A","N/A","N/A","N/A","N/A","N/A","N/A","N/A","N/A","N/A"
"/Principal/BANK_502/DDR_DQ22","Pass","Read rank(1,2)","U1.T23","U1.T23","N/A","N/A","N/A","N/A","N/A","N/A","N/A","N/A","N/A","N/A","N/A","N/A","N/A","N/A","N/A","N/A","N/A","N/A","N/A","N/A","N/A","N/A","N/A","N/A","N/A","N/A","N/A","N/A","N/A","N/A","N/A","N/A","N/A","N/A","N/A","N/A","N/A","N/A","N/A","N/A","N/A","N/A","N/A","N/A","N/A","N/A","N/A","N/A","N/A","N/A","N/A"
"/Principal/BANK_502/DDR_DQ22","Pass","Write rank(1,2)","U1.T23","U3.C8","   0.0"," 400.0"," 400.0","Pass","N/A","   0.0"," 400.0"," 400.0","Pass","N/A"," 0.000"," 0.190"," 0.190","Pass","N/A"," 0.000"," 0.190"," 0.190","Pass","N/A","Pass","N/A","Pass","N/A","Pass","N/A","Pass","  97.6","Pass","N/A","N/A","N/A","N/A","N/A","N/A","N/A","N/A","N/A","N/A","N/A","N/A","N/A","N/A","N/A","N/A","N/A","   802","    75","   727","Pass","46.721"
"/Principal/BANK_502/DDR_DQ23","Pass","Read rank(1,1)","U1.R23","U1.R23","N/A","N/A","N/A","N/A","N/A","N/A","N/A","N/A","N/A","N/A","N/A","N/A","N/A","N/A","N/A","N/A","N/A","N/A","N/A","N/A","N/A","N/A","N/A","N/A","N/A","N/A","N/A","N/A","N/A","N/A","N/A","N/A","N/A","N/A","N/A","N/A","N/A","N/A","N/A","N/A","N/A","N/A","N/A","N/A","N/A","N/A","N/A","N/A","N/A","N/A","N/A"
"/Principal/BANK_502/DDR_DQ23","Pass","Read rank(1,2)","U1.R23","U1.R23","N/A","N/A","N/A","N/A","N/A","N/A","N/A","N/A","N/A","N/A","N/A","N/A","N/A","N/A","N/A","N/A","N/A","N/A","N/A","N/A","N/A","N/A","N/A","N/A","N/A","N/A","N/A","N/A","N/A","N/A","N/A","N/A","N/A","N/A","N/A","N/A","N/A","N/A","N/A","N/A","N/A","N/A","N/A","N/A","N/A","N/A","N/A","N/A","N/A","N/A","N/A"
"/Principal/BANK_502/DDR_DQ23","Pass","Write rank(1,2)","U1.R23","U3.A7","   0.0"," 400.0"," 400.0","Pass","N/A","   0.0"," 400.0"," 400.0","Pass","N/A"," 0.000"," 0.190"," 0.190","Pass","N/A"," 0.000"," 0.190"," 0.190","Pass","N/A","Pass","N/A","Pass","N/A","Pass","N/A","Pass","  97.6","Pass","N/A","N/A","N/A","N/A","N/A","N/A","N/A","N/A","N/A","N/A","N/A","N/A","N/A","N/A","N/A","N/A","N/A","   802","    75","   727","Pass","34.540"
"/Principal/BANK_502/DDR_DQ24","Pass","Read rank(1,1)","U1.V24","U1.V24","N/A","N/A","N/A","N/A","N/A","N/A","N/A","N/A","N/A","N/A","N/A","N/A","N/A","N/A","N/A","N/A","N/A","N/A","N/A","N/A","N/A","N/A","N/A","N/A","N/A","N/A","N/A","N/A","N/A","N/A","N/A","N/A","N/A","N/A","N/A","N/A","N/A","N/A","N/A","N/A","N/A","N/A","N/A","N/A","N/A","N/A","N/A","N/A","N/A","N/A","N/A"
"/Principal/BANK_502/DDR_DQ24","Pass","Read rank(1,2)","U1.V24","U1.V24","N/A","N/A","N/A","N/A","N/A","N/A","N/A","N/A","N/A","N/A","N/A","N/A","N/A","N/A","N/A","N/A","N/A","N/A","N/A","N/A","N/A","N/A","N/A","N/A","N/A","N/A","N/A","N/A","N/A","N/A","N/A","N/A","N/A","N/A","N/A","N/A","N/A","N/A","N/A","N/A","N/A","N/A","N/A","N/A","N/A","N/A","N/A","N/A","N/A","N/A","N/A"
"/Principal/BANK_502/DDR_DQ24","Pass","Write rank(1,2)","U1.V24","U3.H3","   0.0"," 400.0"," 400.0","Pass","N/A","   0.0"," 400.0"," 400.0","Pass","N/A"," 0.000"," 0.190"," 0.190","Pass","N/A"," 0.000"," 0.190"," 0.190","Pass","N/A","Pass","N/A","Pass","N/A","Pass","N/A","Pass","  93.3","Pass","N/A","N/A","N/A","N/A","N/A","N/A","N/A","N/A","N/A","N/A","N/A","N/A","N/A","N/A","N/A","N/A","N/A","   806","    75","   731","Pass","88.938"
"/Principal/BANK_502/DDR_DQ25","Pass","Read rank(1,1)","U1.U26","U1.U26","N/A","N/A","N/A","N/A","N/A","N/A","N/A","N/A","N/A","N/A","N/A","N/A","N/A","N/A","N/A","N/A","N/A","N/A","N/A","N/A","N/A","N/A","N/A","N/A","N/A","N/A","N/A","N/A","N/A","N/A","N/A","N/A","N/A","N/A","N/A","N/A","N/A","N/A","N/A","N/A","N/A","N/A","N/A","N/A","N/A","N/A","N/A","N/A","N/A","N/A","N/A"
"/Principal/BANK_502/DDR_DQ25","Pass","Read rank(1,2)","U1.U26","U1.U26","N/A","N/A","N/A","N/A","N/A","N/A","N/A","N/A","N/A","N/A","N/A","N/A","N/A","N/A","N/A","N/A","N/A","N/A","N/A","N/A","N/A","N/A","N/A","N/A","N/A","N/A","N/A","N/A","N/A","N/A","N/A","N/A","N/A","N/A","N/A","N/A","N/A","N/A","N/A","N/A","N/A","N/A","N/A","N/A","N/A","N/A","N/A","N/A","N/A","N/A","N/A"
"/Principal/BANK_502/DDR_DQ25","Pass","Write rank(1,2)","U1.U26","U3.H8","   0.0"," 400.0"," 400.0","Pass","N/A","   0.0"," 400.0"," 400.0","Pass","N/A"," 0.000"," 0.190"," 0.190","Pass","N/A"," 0.000"," 0.190"," 0.190","Pass","N/A","Pass","N/A","Pass","N/A","Pass","N/A","Pass","  89.1","Pass","N/A","N/A","N/A","N/A","N/A","N/A","N/A","N/A","N/A","N/A","N/A","N/A","N/A","N/A","N/A","N/A","N/A","   810","    75","   735","Pass","65.521"
"/Principal/BANK_502/DDR_DQ26","Pass","Read rank(1,1)","U1.U24","U1.U24","N/A","N/A","N/A","N/A","N/A","N/A","N/A","N/A","N/A","N/A","N/A","N/A","N/A","N/A","N/A","N/A","N/A","N/A","N/A","N/A","N/A","N/A","N/A","N/A","N/A","N/A","N/A","N/A","N/A","N/A","N/A","N/A","N/A","N/A","N/A","N/A","N/A","N/A","N/A","N/A","N/A","N/A","N/A","N/A","N/A","N/A","N/A","N/A","N/A","N/A","N/A"
"/Principal/BANK_502/DDR_DQ26","Pass","Read rank(1,2)","U1.U24","U1.U24","N/A","N/A","N/A","N/A","N/A","N/A","N/A","N/A","N/A","N/A","N/A","N/A","N/A","N/A","N/A","N/A","N/A","N/A","N/A","N/A","N/A","N/A","N/A","N/A","N/A","N/A","N/A","N/A","N/A","N/A","N/A","N/A","N/A","N/A","N/A","N/A","N/A","N/A","N/A","N/A","N/A","N/A","N/A","N/A","N/A","N/A","N/A","N/A","N/A","N/A","N/A"
"/Principal/BANK_502/DDR_DQ26","Pass","Write rank(1,2)","U1.U24","U3.G2","   0.0"," 400.0"," 400.0","Pass","N/A","   0.0"," 400.0"," 400.0","Pass","N/A"," 0.000"," 0.190"," 0.190","Pass","N/A"," 0.000"," 0.190"," 0.190","Pass","N/A","Pass","N/A","Pass","N/A","Pass","N/A","Pass","  93.3","Pass","N/A","N/A","N/A","N/A","N/A","N/A","N/A","N/A","N/A","N/A","N/A","N/A","N/A","N/A","N/A","N/A","N/A","   806","    75","   731","Pass"," 1.746"
"/Principal/BANK_502/DDR_DQ27","Pass","Read rank(1,1)","U1.U25","U1.U25","N/A","N/A","N/A","N/A","N/A","N/A","N/A","N/A","N/A","N/A","N/A","N/A","N/A","N/A","N/A","N/A","N/A","N/A","N/A","N/A","N/A","N/A","N/A","N/A","N/A","N/A","N/A","N/A","N/A","N/A","N/A","N/A","N/A","N/A","N/A","N/A","N/A","N/A","N/A","N/A","N/A","N/A","N/A","N/A","N/A","N/A","N/A","N/A","N/A","N/A","N/A"
"/Principal/BANK_502/DDR_DQ27","Pass","Read rank(1,2)","U1.U25","U1.U25","N/A","N/A","N/A","N/A","N/A","N/A","N/A","N/A","N/A","N/A","N/A","N/A","N/A","N/A","N/A","N/A","N/A","N/A","N/A","N/A","N/A","N/A","N/A","N/A","N/A","N/A","N/A","N/A","N/A","N/A","N/A","N/A","N/A","N/A","N/A","N/A","N/A","N/A","N/A","N/A","N/A","N/A","N/A","N/A","N/A","N/A","N/A","N/A","N/A","N/A","N/A"
"/Principal/BANK_502/DDR_DQ27","Pass","Write rank(1,2)","U1.U25","U3.H7","   0.0"," 400.0"," 400.0","Pass","N/A","   0.0"," 400.0"," 400.0","Pass","N/A"," 0.000"," 0.190"," 0.190","Pass","N/A"," 0.000"," 0.190"," 0.190","Pass","N/A","Pass","N/A","Pass","N/A","Pass","N/A","Pass","  93.3","Pass","N/A","N/A","N/A","N/A","N/A","N/A","N/A","N/A","N/A","N/A","N/A","N/A","N/A","N/A","N/A","N/A","N/A","   810","    75","   735","Pass","29.888"
"/Principal/BANK_502/DDR_DQ28","Pass","Read rank(1,1)","U1.W26","U1.W26","N/A","N/A","N/A","N/A","N/A","N/A","N/A","N/A","N/A","N/A","N/A","N/A","N/A","N/A","N/A","N/A","N/A","N/A","N/A","N/A","N/A","N/A","N/A","N/A","N/A","N/A","N/A","N/A","N/A","N/A","N/A","N/A","N/A","N/A","N/A","N/A","N/A","N/A","N/A","N/A","N/A","N/A","N/A","N/A","N/A","N/A","N/A","N/A","N/A","N/A","N/A"
"/Principal/BANK_502/DDR_DQ28","Pass","Read rank(1,2)","U1.W26","U1.W26","N/A","N/A","N/A","N/A","N/A","N/A","N/A","N/A","N/A","N/A","N/A","N/A","N/A","N/A","N/A","N/A","N/A","N/A","N/A","N/A","N/A","N/A","N/A","N/A","N/A","N/A","N/A","N/A","N/A","N/A","N/A","N/A","N/A","N/A","N/A","N/A","N/A","N/A","N/A","N/A","N/A","N/A","N/A","N/A","N/A","N/A","N/A","N/A","N/A","N/A","N/A"
"/Principal/BANK_502/DDR_DQ28","Pass","Write rank(1,2)","U1.W26","U3.F8","   0.0"," 400.0"," 400.0","Pass","N/A","   0.0"," 400.0"," 400.0","Pass","N/A"," 0.000"," 0.190"," 0.190","Pass","N/A"," 0.000"," 0.190"," 0.190","Pass","N/A","Pass","N/A","Pass","N/A","Pass","N/A","Pass","  93.3","Pass","N/A","N/A","N/A","N/A","N/A","N/A","N/A","N/A","N/A","N/A","N/A","N/A","N/A","N/A","N/A","N/A","N/A","   810","    75","   735","Pass","12.091"
"/Principal/BANK_502/DDR_DQ29","Pass","Read rank(1,1)","U1.Y25","U1.Y25","N/A","N/A","N/A","N/A","N/A","N/A","N/A","N/A","N/A","N/A","N/A","N/A","N/A","N/A","N/A","N/A","N/A","N/A","N/A","N/A","N/A","N/A","N/A","N/A","N/A","N/A","N/A","N/A","N/A","N/A","N/A","N/A","N/A","N/A","N/A","N/A","N/A","N/A","N/A","N/A","N/A","N/A","N/A","N/A","N/A","N/A","N/A","N/A","N/A","N/A","N/A"
"/Principal/BANK_502/DDR_DQ29","Pass","Read rank(1,2)","U1.Y25","U1.Y25","N/A","N/A","N/A","N/A","N/A","N/A","N/A","N/A","N/A","N/A","N/A","N/A","N/A","N/A","N/A","N/A","N/A","N/A","N/A","N/A","N/A","N/A","N/A","N/A","N/A","N/A","N/A","N/A","N/A","N/A","N/A","N/A","N/A","N/A","N/A","N/A","N/A","N/A","N/A","N/A","N/A","N/A","N/A","N/A","N/A","N/A","N/A","N/A","N/A","N/A","N/A"
"/Principal/BANK_502/DDR_DQ29","Pass","Write rank(1,2)","U1.Y25","U3.E3","   0.0"," 400.0"," 400.0","Pass","N/A","   0.0"," 400.0"," 400.0","Pass","N/A"," 0.000"," 0.190"," 0.190","Pass","N/A"," 0.000"," 0.190"," 0.190","Pass","N/A","Pass","N/A","Pass","N/A","Pass","N/A","Pass","  93.3","Pass","N/A","N/A","N/A","N/A","N/A","N/A","N/A","N/A","N/A","N/A","N/A","N/A","N/A","N/A","N/A","N/A","N/A","   810","    75","   735","Pass","53.347"
"/Principal/BANK_502/DDR_DQ3","Pass","Read rank(1,1)","U1.G26","U1.G26","N/A","N/A","N/A","N/A","N/A","N/A","N/A","N/A","N/A","N/A","N/A","N/A","N/A","N/A","N/A","N/A","N/A","N/A","N/A","N/A","N/A","N/A","N/A","N/A","N/A","N/A","N/A","N/A","N/A","N/A","N/A","N/A","N/A","N/A","N/A","N/A","N/A","N/A","N/A","N/A","N/A","N/A","N/A","N/A","N/A","N/A","N/A","N/A","N/A","N/A","N/A"
"/Principal/BANK_502/DDR_DQ3","Pass","Read rank(1,2)","U1.G26","U1.G26","N/A","N/A","N/A","N/A","N/A","N/A","N/A","N/A","N/A","N/A","N/A","N/A","N/A","N/A","N/A","N/A","N/A","N/A","N/A","N/A","N/A","N/A","N/A","N/A","N/A","N/A","N/A","N/A","N/A","N/A","N/A","N/A","N/A","N/A","N/A","N/A","N/A","N/A","N/A","N/A","N/A","N/A","N/A","N/A","N/A","N/A","N/A","N/A","N/A","N/A","N/A"
"/Principal/BANK_502/DDR_DQ3","Pass","Write rank(1,1)","U1.G26","U2.C2","   0.0"," 400.0"," 400.0","Pass","N/A","   0.0"," 400.0"," 400.0","Pass","N/A"," 0.000"," 0.190"," 0.190","Pass","N/A"," 0.000"," 0.190"," 0.190","Pass","N/A","Pass","N/A","Pass","N/A","Pass","N/A","Pass","  97.6","Pass","N/A","N/A","N/A","N/A","N/A","N/A","N/A","N/A","N/A","N/A","N/A","N/A","N/A","N/A","N/A","N/A","N/A","   806","    75","   731","Pass","15.825"
"/Principal/BANK_502/DDR_DQ30","Pass","Read rank(1,1)","U1.Y26","U1.Y26","N/A","N/A","N/A","N/A","N/A","N/A","N/A","N/A","N/A","N/A","N/A","N/A","N/A","N/A","N/A","N/A","N/A","N/A","N/A","N/A","N/A","N/A","N/A","N/A","N/A","N/A","N/A","N/A","N/A","N/A","N/A","N/A","N/A","N/A","N/A","N/A","N/A","N/A","N/A","N/A","N/A","N/A","N/A","N/A","N/A","N/A","N/A","N/A","N/A","N/A","N/A"
"/Principal/BANK_502/DDR_DQ30","Pass","Read rank(1,2)","U1.Y26","U1.Y26","N/A","N/A","N/A","N/A","N/A","N/A","N/A","N/A","N/A","N/A","N/A","N/A","N/A","N/A","N/A","N/A","N/A","N/A","N/A","N/A","N/A","N/A","N/A","N/A","N/A","N/A","N/A","N/A","N/A","N/A","N/A","N/A","N/A","N/A","N/A","N/A","N/A","N/A","N/A","N/A","N/A","N/A","N/A","N/A","N/A","N/A","N/A","N/A","N/A","N/A","N/A"
"/Principal/BANK_502/DDR_DQ30","Pass","Write rank(1,2)","U1.Y26","U3.F2","   0.0"," 400.0"," 400.0","Pass","N/A","   0.0"," 400.0"," 400.0","Pass","N/A"," 0.000"," 0.190"," 0.190","Pass","N/A"," 0.000"," 0.190"," 0.190","Pass","N/A","Pass","N/A","Pass","N/A","Pass","N/A","Pass","  97.6","Pass","N/A","N/A","N/A","N/A","N/A","N/A","N/A","N/A","N/A","N/A","N/A","N/A","N/A","N/A","N/A","N/A","N/A","   810","    75","   735","Pass","13.968"
"/Principal/BANK_502/DDR_DQ31","Pass","Read rank(1,1)","U1.W23","U1.W23","N/A","N/A","N/A","N/A","N/A","N/A","N/A","N/A","N/A","N/A","N/A","N/A","N/A","N/A","N/A","N/A","N/A","N/A","N/A","N/A","N/A","N/A","N/A","N/A","N/A","N/A","N/A","N/A","N/A","N/A","N/A","N/A","N/A","N/A","N/A","N/A","N/A","N/A","N/A","N/A","N/A","N/A","N/A","N/A","N/A","N/A","N/A","N/A","N/A","N/A","N/A"
"/Principal/BANK_502/DDR_DQ31","Pass","Read rank(1,2)","U1.W23","U1.W23","N/A","N/A","N/A","N/A","N/A","N/A","N/A","N/A","N/A","N/A","N/A","N/A","N/A","N/A","N/A","N/A","N/A","N/A","N/A","N/A","N/A","N/A","N/A","N/A","N/A","N/A","N/A","N/A","N/A","N/A","N/A","N/A","N/A","N/A","N/A","N/A","N/A","N/A","N/A","N/A","N/A","N/A","N/A","N/A","N/A","N/A","N/A","N/A","N/A","N/A","N/A"
"/Principal/BANK_502/DDR_DQ31","Pass","Write rank(1,2)","U1.W23","U3.F7","   0.0"," 400.0"," 400.0","Pass","N/A","   0.0"," 400.0"," 400.0","Pass","N/A"," 0.000"," 0.190"," 0.190","Pass","N/A"," 0.000"," 0.190"," 0.190","Pass","N/A","Pass","N/A","Pass","N/A","Pass","N/A","Pass","  93.3","Pass","N/A","N/A","N/A","N/A","N/A","N/A","N/A","N/A","N/A","N/A","N/A","N/A","N/A","N/A","N/A","N/A","N/A","   806","    75","   731","Pass","16.760"
"/Principal/BANK_502/DDR_DQ4","Pass","Read rank(1,1)","U1.H26","U1.H26","N/A","N/A","N/A","N/A","N/A","N/A","N/A","N/A","N/A","N/A","N/A","N/A","N/A","N/A","N/A","N/A","N/A","N/A","N/A","N/A","N/A","N/A","N/A","N/A","N/A","N/A","N/A","N/A","N/A","N/A","N/A","N/A","N/A","N/A","N/A","N/A","N/A","N/A","N/A","N/A","N/A","N/A","N/A","N/A","N/A","N/A","N/A","N/A","N/A","N/A","N/A"
"/Principal/BANK_502/DDR_DQ4","Pass","Read rank(1,2)","U1.H26","U1.H26","N/A","N/A","N/A","N/A","N/A","N/A","N/A","N/A","N/A","N/A","N/A","N/A","N/A","N/A","N/A","N/A","N/A","N/A","N/A","N/A","N/A","N/A","N/A","N/A","N/A","N/A","N/A","N/A","N/A","N/A","N/A","N/A","N/A","N/A","N/A","N/A","N/A","N/A","N/A","N/A","N/A","N/A","N/A","N/A","N/A","N/A","N/A","N/A","N/A","N/A","N/A"
"/Principal/BANK_502/DDR_DQ4","Pass","Write rank(1,1)","U1.H26","U2.C3","   0.0"," 400.0"," 400.0","Pass","N/A","   0.0"," 400.0"," 400.0","Pass","N/A"," 0.000"," 0.190"," 0.190","Pass","N/A"," 0.000"," 0.190"," 0.190","Pass","N/A","Pass","N/A","Pass","N/A","Pass","N/A","Pass","  93.3","Pass","N/A","N/A","N/A","N/A","N/A","N/A","N/A","N/A","N/A","N/A","N/A","N/A","N/A","N/A","N/A","N/A","N/A","   806","    75","   731","Pass"," 1.759"
"/Principal/BANK_502/DDR_DQ5","Pass","Read rank(1,1)","U1.H23","U1.H23","N/A","N/A","N/A","N/A","N/A","N/A","N/A","N/A","N/A","N/A","N/A","N/A","N/A","N/A","N/A","N/A","N/A","N/A","N/A","N/A","N/A","N/A","N/A","N/A","N/A","N/A","N/A","N/A","N/A","N/A","N/A","N/A","N/A","N/A","N/A","N/A","N/A","N/A","N/A","N/A","N/A","N/A","N/A","N/A","N/A","N/A","N/A","N/A","N/A","N/A","N/A"
"/Principal/BANK_502/DDR_DQ5","Pass","Read rank(1,2)","U1.H23","U1.H23","N/A","N/A","N/A","N/A","N/A","N/A","N/A","N/A","N/A","N/A","N/A","N/A","N/A","N/A","N/A","N/A","N/A","N/A","N/A","N/A","N/A","N/A","N/A","N/A","N/A","N/A","N/A","N/A","N/A","N/A","N/A","N/A","N/A","N/A","N/A","N/A","N/A","N/A","N/A","N/A","N/A","N/A","N/A","N/A","N/A","N/A","N/A","N/A","N/A","N/A","N/A"
"/Principal/BANK_502/DDR_DQ5","Pass","Write rank(1,1)","U1.H23","U2.A2","   0.0"," 400.0"," 400.0","Pass","N/A","   0.0"," 400.0"," 400.0","Pass","N/A"," 0.000"," 0.190"," 0.190","Pass","N/A"," 0.000"," 0.190"," 0.190","Pass","N/A","Pass","N/A","Pass","N/A","Pass","N/A","Pass","  97.6","Pass","N/A","N/A","N/A","N/A","N/A","N/A","N/A","N/A","N/A","N/A","N/A","N/A","N/A","N/A","N/A","N/A","N/A","   810","    75","   735","Pass","16.752"
"/Principal/BANK_502/DDR_DQ6","Pass","Read rank(1,1)","U1.J24","U1.J24","N/A","N/A","N/A","N/A","N/A","N/A","N/A","N/A","N/A","N/A","N/A","N/A","N/A","N/A","N/A","N/A","N/A","N/A","N/A","N/A","N/A","N/A","N/A","N/A","N/A","N/A","N/A","N/A","N/A","N/A","N/A","N/A","N/A","N/A","N/A","N/A","N/A","N/A","N/A","N/A","N/A","N/A","N/A","N/A","N/A","N/A","N/A","N/A","N/A","N/A","N/A"
"/Principal/BANK_502/DDR_DQ6","Pass","Read rank(1,2)","U1.J24","U1.J24","N/A","N/A","N/A","N/A","N/A","N/A","N/A","N/A","N/A","N/A","N/A","N/A","N/A","N/A","N/A","N/A","N/A","N/A","N/A","N/A","N/A","N/A","N/A","N/A","N/A","N/A","N/A","N/A","N/A","N/A","N/A","N/A","N/A","N/A","N/A","N/A","N/A","N/A","N/A","N/A","N/A","N/A","N/A","N/A","N/A","N/A","N/A","N/A","N/A","N/A","N/A"
"/Principal/BANK_502/DDR_DQ6","Pass","Write rank(1,1)","U1.J24","U2.D7","   0.0"," 400.0"," 400.0","Pass","N/A","   0.0"," 400.0"," 400.0","Pass","N/A"," 0.000"," 0.190"," 0.190","Pass","N/A"," 0.000"," 0.190"," 0.190","Pass","N/A","Pass","N/A","Pass","N/A","Pass","N/A","Pass","  93.3","Pass","N/A","N/A","N/A","N/A","N/A","N/A","N/A","N/A","N/A","N/A","N/A","N/A","N/A","N/A","N/A","N/A","N/A","   806","    75","   731","Pass","29.865"
"/Principal/BANK_502/DDR_DQ7","Pass","Read rank(1,1)","U1.J23","U1.J23","N/A","N/A","N/A","N/A","N/A","N/A","N/A","N/A","N/A","N/A","N/A","N/A","N/A","N/A","N/A","N/A","N/A","N/A","N/A","N/A","N/A","N/A","N/A","N/A","N/A","N/A","N/A","N/A","N/A","N/A","N/A","N/A","N/A","N/A","N/A","N/A","N/A","N/A","N/A","N/A","N/A","N/A","N/A","N/A","N/A","N/A","N/A","N/A","N/A","N/A","N/A"
"/Principal/BANK_502/DDR_DQ7","Pass","Read rank(1,2)","U1.J23","U1.J23","N/A","N/A","N/A","N/A","N/A","N/A","N/A","N/A","N/A","N/A","N/A","N/A","N/A","N/A","N/A","N/A","N/A","N/A","N/A","N/A","N/A","N/A","N/A","N/A","N/A","N/A","N/A","N/A","N/A","N/A","N/A","N/A","N/A","N/A","N/A","N/A","N/A","N/A","N/A","N/A","N/A","N/A","N/A","N/A","N/A","N/A","N/A","N/A","N/A","N/A","N/A"
"/Principal/BANK_502/DDR_DQ7","Pass","Write rank(1,1)","U1.J23","U2.B8","   0.0"," 400.0"," 400.0","Pass","N/A","   0.0"," 400.0"," 400.0","Pass","N/A"," 0.000"," 0.190"," 0.190","Pass","N/A"," 0.000"," 0.190"," 0.190","Pass","N/A","Pass","N/A","Pass","N/A","Pass","N/A","Pass","  97.6","Pass","N/A","N/A","N/A","N/A","N/A","N/A","N/A","N/A","N/A","N/A","N/A","N/A","N/A","N/A","N/A","N/A","N/A","   806","    75","   731","Pass","89.877"
"/Principal/BANK_502/DDR_DQ8","Pass","Read rank(1,1)","U1.K26","U1.K26","N/A","N/A","N/A","N/A","N/A","N/A","N/A","N/A","N/A","N/A","N/A","N/A","N/A","N/A","N/A","N/A","N/A","N/A","N/A","N/A","N/A","N/A","N/A","N/A","N/A","N/A","N/A","N/A","N/A","N/A","N/A","N/A","N/A","N/A","N/A","N/A","N/A","N/A","N/A","N/A","N/A","N/A","N/A","N/A","N/A","N/A","N/A","N/A","N/A","N/A","N/A"
"/Principal/BANK_502/DDR_DQ8","Pass","Read rank(1,2)","U1.K26","U1.K26","N/A","N/A","N/A","N/A","N/A","N/A","N/A","N/A","N/A","N/A","N/A","N/A","N/A","N/A","N/A","N/A","N/A","N/A","N/A","N/A","N/A","N/A","N/A","N/A","N/A","N/A","N/A","N/A","N/A","N/A","N/A","N/A","N/A","N/A","N/A","N/A","N/A","N/A","N/A","N/A","N/A","N/A","N/A","N/A","N/A","N/A","N/A","N/A","N/A","N/A","N/A"
"/Principal/BANK_502/DDR_DQ8","Pass","Write rank(1,1)","U1.K26","U2.H3","   0.0"," 400.0"," 400.0","Pass","N/A","   0.0"," 400.0"," 400.0","Pass","N/A"," 0.000"," 0.190"," 0.190","Pass","N/A"," 0.000"," 0.190"," 0.190","Pass","N/A","Pass","N/A","Pass","N/A","Pass","N/A","Pass","  93.3","Pass","N/A","N/A","N/A","N/A","N/A","N/A","N/A","N/A","N/A","N/A","N/A","N/A","N/A","N/A","N/A","N/A","N/A","   806","    75","   731","Pass","70.160"
"/Principal/BANK_502/DDR_DQ9","Pass","Read rank(1,1)","U1.L23","U1.L23","N/A","N/A","N/A","N/A","N/A","N/A","N/A","N/A","N/A","N/A","N/A","N/A","N/A","N/A","N/A","N/A","N/A","N/A","N/A","N/A","N/A","N/A","N/A","N/A","N/A","N/A","N/A","N/A","N/A","N/A","N/A","N/A","N/A","N/A","N/A","N/A","N/A","N/A","N/A","N/A","N/A","N/A","N/A","N/A","N/A","N/A","N/A","N/A","N/A","N/A","N/A"
"/Principal/BANK_502/DDR_DQ9","Pass","Read rank(1,2)","U1.L23","U1.L23","N/A","N/A","N/A","N/A","N/A","N/A","N/A","N/A","N/A","N/A","N/A","N/A","N/A","N/A","N/A","N/A","N/A","N/A","N/A","N/A","N/A","N/A","N/A","N/A","N/A","N/A","N/A","N/A","N/A","N/A","N/A","N/A","N/A","N/A","N/A","N/A","N/A","N/A","N/A","N/A","N/A","N/A","N/A","N/A","N/A","N/A","N/A","N/A","N/A","N/A","N/A"
"/Principal/BANK_502/DDR_DQ9","Pass","Write rank(1,1)","U1.L23","U2.H8","   0.0"," 400.0"," 400.0","Pass","N/A","   0.0"," 400.0"," 400.0","Pass","N/A"," 0.000"," 0.190"," 0.190","Pass","N/A"," 0.000"," 0.190"," 0.190","Pass","N/A","Pass","N/A","Pass","N/A","Pass","N/A","Pass","  93.3","Pass","N/A","N/A","N/A","N/A","N/A","N/A","N/A","N/A","N/A","N/A","N/A","N/A","N/A","N/A","N/A","N/A","N/A","   810","    75","   735","Pass"," 6.442"
"/Principal/BANK_502/DDR_ODT","Pass","Write rank(1,1)","U1.Y22","U2.K1","   0.0"," 400.0"," 400.0","Pass","N/A","   0.0"," 400.0"," 400.0","Pass","N/A"," 0.000"," 0.500"," 0.500","Pass","N/A"," 0.000"," 0.500"," 0.500","Pass","N/A","Pass","N/A","Pass","N/A","Pass","N/A","Pass"," 101.0","Pass","N/A","N/A","N/A","N/A","N/A","N/A","N/A","N/A","N/A","N/A","N/A","N/A","N/A","N/A","N/A","N/A","N/A","  1773","    75","  1698","Pass","28.209"
"/Principal/BANK_502/DDR_ODT","Pass","Write rank(1,2)","U1.Y22","U3.K1","   0.0"," 400.0"," 400.0","Pass","N/A","   0.0"," 400.0"," 400.0","Pass","N/A"," 0.000"," 0.500"," 0.500","Pass","N/A"," 0.000"," 0.500"," 0.500","Pass","N/A","Pass","N/A","Pass","N/A","Pass","N/A","Pass"," 110.2","Pass","N/A","N/A","N/A","N/A","N/A","N/A","N/A","N/A","N/A","N/A","N/A","N/A","N/A","N/A","N/A","N/A","N/A","  1764","    75","  1689","Pass","112.716"
"/Principal/BANK_502/DDR_RAS","Pass","Write rank(1,1)","U1.V23","U2.J3","   0.0"," 400.0"," 400.0","Pass","N/A","   0.0"," 400.0"," 400.0","Pass","N/A"," 0.000"," 0.500"," 0.500","Pass","N/A"," 0.000"," 0.500"," 0.500","Pass","N/A","Pass","N/A","Pass","N/A","Pass","N/A","Pass"," 101.0","Pass","N/A","N/A","N/A","N/A","N/A","N/A","N/A","N/A","N/A","N/A","N/A","N/A","N/A","N/A","N/A","N/A","N/A","  1777","    75","  1702","Pass","63.817"
"/Principal/BANK_502/DDR_RAS","Pass","Write rank(1,2)","U1.V23","U3.J3","   0.0"," 400.0"," 400.0","Pass","N/A","   0.0"," 400.0"," 400.0","Pass","N/A"," 0.000"," 0.500"," 0.500","Pass","N/A"," 0.000"," 0.500"," 0.500","Pass","N/A","Pass","N/A","Pass","N/A","Pass","N/A","Pass"," 110.2","Pass","N/A","N/A","N/A","N/A","N/A","N/A","N/A","N/A","N/A","N/A","N/A","N/A","N/A","N/A","N/A","N/A","N/A","  1768","    75","  1693","Pass","99.577"
"/Principal/BANK_502/DDR_WE","Pass","Write rank(1,1)","U1.V22","U2.L3","   0.0"," 400.0"," 400.0","Pass","N/A","   0.0"," 400.0"," 400.0","Pass","N/A"," 0.000"," 0.500"," 0.500","Pass","N/A"," 0.000"," 0.500"," 0.500","Pass","N/A","Pass","N/A","Pass","N/A","Pass","N/A","Pass"," 101.0","Pass","N/A","N/A","N/A","N/A","N/A","N/A","N/A","N/A","N/A","N/A","N/A","N/A","N/A","N/A","N/A","N/A","N/A","  1773","    75","  1698","Pass"," 9.449"
"/Principal/BANK_502/DDR_WE","Pass","Write rank(1,2)","U1.V22","U3.L3","   0.0"," 400.0"," 400.0","Pass","N/A","   0.0"," 400.0"," 400.0","Pass","N/A"," 0.000"," 0.500"," 0.500","Pass","N/A"," 0.000"," 0.500"," 0.500","Pass","N/A","Pass","N/A","Pass","N/A","Pass","N/A","Pass"," 105.6","Pass","N/A","N/A","N/A","N/A","N/A","N/A","N/A","N/A","N/A","N/A","N/A","N/A","N/A","N/A","N/A","N/A","N/A","  1768","    75","  1693","Pass","33.959"
