ref;value;footprint;Campo1;Campo2;Campo3;Campo4;Campo5;Campo6;Campo7;Campo8
BT1;BK-913;BK-913-ND;Soporte bater√≠a CR2032;MPD (Memory Protection Devices);BK-913;../PCB/EDU-NXP/Datasheets;BK-913-ND;~;;
C1;10uF;c_1206_tantalio;CAP CER 10UF 16V 10% X7R 1206;Kemet;C1206C106K4RACTU;..PCB/EDU-CIAA/Datasheets;399-3525-1-ND;1206;;
C2;100nF;c_0805;CAP CER 0.1UF 16V 10% X7R 0805;Kemet;C0805C104K4RACTU;..PCB/EDU-NXP/Datasheets;399-1167-1-ND;0805;;
C3;10uF;c_1206_tantalio;CAP CER 10UF 16V 10% X7R 1206;Kemet;C1206C106K4RACTU;..PCB/EDU-CIAA/Datasheets;399-3525-1-ND;1206;;
C4;100nF;c_0805;CAP CER 0.1UF 16V 10% X7R 0805;Kemet;C0805C104K4RACTU;..PCB/EDU-NXP/Datasheets;399-1167-1-ND;0805;;
C5;10uF;c_1206_tantalio;CAP TANT 10UF 10V 10% 1206;Kemet;T491A106K010AT;..PCB/EDU-CIAA/Datasheets;399-3684-2-ND;1206;;
C6;10uF;c_1206_tantalio;CAP TANT 10UF 10V 10% 1206;Kemet;T491A106K010AT;..PCB/EDU-CIAA/Datasheets;399-3684-2-ND;1206;;
C7;100nF;c_0805;CAP CER 0.1UF 16V 10% X7R 0805;Kemet;C0805C104K4RACTU;..PCB/EDU-NXP/Datasheets;399-1167-1-ND;0805;;
C8;100nF;c_0805;CAP CER 0.1UF 16V 10% X7R 0805;Kemet;C0805C104K4RACTU;..PCB/EDU-NXP/Datasheets;399-1167-1-ND;0805;;
C9;100nF;c_0805;CAP CER 0.1UF 16V 10% X7R 0805;Kemet;C0805C104K4RACTU;..PCB/EDU-NXP/Datasheets;399-1167-1-ND;0805;;
C10;100nF;c_0805;CAP CER 0.1UF 16V 10% X7R 0805;Kemet;C0805C104K4RACTU;..PCB/EDU-NXP/Datasheets;399-1167-1-ND;0805;;
C11;20p;c_0805;CAP CER 20PF 50V 5% NP0 0805;Kemet;C0805C200J5GACTU;..PCB/EDU-NXP/Datasheets;399-8033-1-ND;0805;;
C12;20p;c_0805;CAP CER 20PF 50V 5% NP0 0805;Kemet;C0805C200J5GACTU;..PCB/EDU-NXP/Datasheets;399-8033-1-ND;0805;;
C13;20p;c_0805;CAP CER 20PF 50V 5% NP0 0805;Kemet;C0805C200J5GACTU;..PCB/EDU-NXP/Datasheets;399-8033-1-ND;0805;;
C14;20p;c_0805;CAP CER 20PF 50V 5% NP0 0805;Kemet;C0805C200J5GACTU;..PCB/EDU-NXP/Datasheets;399-8033-1-ND;0805;;
C15;20p;c_0805;CAP CER 20PF 50V 5% NP0 0805;Kemet;C0805C200J5GACTU;..PCB/EDU-NXP/Datasheets;399-8033-1-ND;0805;;
C16;20p;c_0805;CAP CER 20PF 50V 5% NP0 0805;Kemet;C0805C200J5GACTU;..PCB/EDU-NXP/Datasheets;399-8033-1-ND;0805;;
C17;100nF;c_0805;CAP CER 0.1UF 16V 10% X7R 0805;Kemet;C0805C104K4RACTU;..PCB/EDU-NXP/Datasheets;399-1167-1-ND;0805;;
C18;100nF;c_0805;CAP CER 0.1UF 16V 10% X7R 0805;Kemet;C0805C104K4RACTU;..PCB/EDU-NXP/Datasheets;399-1167-1-ND;0805;;
C19;100nF;c_0805;CAP CER 0.1UF 16V 10% X7R 0805;Kemet;C0805C104K4RACTU;..PCB/EDU-NXP/Datasheets;399-1167-1-ND;0805;;
C20;100nF;c_0805;CAP CER 0.1UF 16V 10% X7R 0805;Kemet;C0805C104K4RACTU;..PCB/EDU-NXP/Datasheets;399-1167-1-ND;0805;;
C21;100nF;c_0805;CAP CER 0.1UF 16V 10% X7R 0805;Kemet;C0805C104K4RACTU;..PCB/EDU-NXP/Datasheets;399-1167-1-ND;0805;;
C22;100nF;c_0805;CAP CER 0.1UF 16V 10% X7R 0805;Kemet;C0805C104K4RACTU;..PCB/EDU-NXP/Datasheets;399-1167-1-ND;0805;;
C23;100nF;c_0805;CAP CER 0.1UF 16V 10% X7R 0805;Kemet;C0805C104K4RACTU;..PCB/EDU-NXP/Datasheets;399-1167-1-ND;0805;;
C24;100nF;c_0805;CAP CER 0.1UF 16V 10% X7R 0805;Kemet;C0805C104K4RACTU;..PCB/EDU-NXP/Datasheets;399-1167-1-ND;0805;;
C25;100nF;c_0805;CAP CER 0.1UF 16V 10% X7R 0805;Kemet;C0805C104K4RACTU;..PCB/EDU-NXP/Datasheets;399-1167-1-ND;0805;;
C26;100nF;c_0805;CAP CER 0.1UF 16V 10% X7R 0805;Kemet;C0805C104K4RACTU;..PCB/EDU-NXP/Datasheets;399-1167-1-ND;0805;;
C27;100nF;c_0805;CAP CER 0.1UF 16V 10% X7R 0805;Kemet;C0805C104K4RACTU;..PCB/EDU-NXP/Datasheets;399-1167-1-ND;0805;;
C28;100nF;c_0805;CAP CER 0.1UF 16V 10% X7R 0805;Kemet;C0805C104K4RACTU;..PCB/EDU-NXP/Datasheets;399-1167-1-ND;0805;;
C29;100nF;c_0805;CAP CER 0.1UF 16V 10% X7R 0805;Kemet;C0805C104K4RACTU;..PCB/EDU-NXP/Datasheets;399-1167-1-ND;0805;;
C30;100nF;c_0805;CAP CER 0.1UF 16V 10% X7R 0805;Kemet;C0805C104K4RACTU;..PCB/EDU-NXP/Datasheets;399-1167-1-ND;0805;;
C31;100nF;c_0805;CAP CER 0.1UF 16V 10% X7R 0805;Kemet;C0805C104K4RACTU;..PCB/EDU-NXP/Datasheets;399-1167-1-ND;0805;;
C32;100nF;c_0805;CAP CER 0.1UF 16V 10% X7R 0805;Kemet;C0805C104K4RACTU;..PCB/EDU-NXP/Datasheets;399-1167-1-ND;0805;;
C33;10uF;c_1206_tantalio;CAP CER 10UF 16V 10% X7R 1206;Kemet;C1206C106K4RACTU;..PCB/EDU-CIAA/Datasheets;399-3525-1-ND;1206;;
C34;100nF;c_0805;CAP CER 0.1UF 16V 10% X7R 0805;Kemet;C0805C104K4RACTU;..PCB/EDU-NXP/Datasheets;399-1167-1-ND;0805;;
C35;3.3uF;c_0805;CAP CER 3.3UF 16V 10% X7R 0805;TDK Corporation;C2012X7R1C335K125AB;..PCB/EDU-NXP/Datasheets;445-7582-1-ND;0805;;
C36;100nF;c_0805;CAP CER 0.1UF 16V 10% X7R 0805;Kemet;C0805C104K4RACTU;..PCB/EDU-NXP/Datasheets;399-1167-1-ND;0805;;
C37;10uF;c_1206_tantalio;CAP CER 10UF 16V 10% X7R 1206;Kemet;C1206C106K4RACTU;..PCB/EDU-CIAA/Datasheets;399-3525-1-ND;1206;;
C38;100nF;c_0805;CAP CER 0.1UF 16V 10% X7R 0805;Kemet;C0805C104K4RACTU;..PCB/EDU-NXP/Datasheets;399-1167-1-ND;0805;;
C39;10uF;c_1206_tantalio;CAP CER 10UF 16V 10% X7R 1206;Kemet;C1206C106K4RACTU;..PCB/EDU-CIAA/Datasheets;399-3525-1-ND;1206;;
C40;100nF;c_0805;CAP CER 0.1UF 16V 10% X7R 0805;Kemet;C0805C104K4RACTU;..PCB/EDU-NXP/Datasheets;399-1167-1-ND;0805;;
C41;100nF;c_0805;CAP CER 0.1UF 16V 10% X7R 0805;Kemet;C0805C104K4RACTU;..PCB/EDU-NXP/Datasheets;399-1167-1-ND;0805;;
C42;100nF;c_0805;CAP CER 0.1UF 16V 10% X7R 0805;Kemet;C0805C104K4RACTU;..PCB/EDU-NXP/Datasheets;399-1167-1-ND;0805;;
C43;100nF;c_0805;CAP CER 0.1UF 16V 10% X7R 0805;Kemet;C0805C104K4RACTU;..PCB/EDU-NXP/Datasheets;399-1167-1-ND;0805;;
C44;100nF;c_0805;CAP CER 0.1UF 16V 10% X7R 0805;Kemet;C0805C104K4RACTU;..PCB/EDU-NXP/Datasheets;399-1167-1-ND;0805;;
C45;100nF;c_0805;CAP CER 0.1UF 16V 10% X7R 0805;Kemet;C0805C104K4RACTU;..PCB/EDU-NXP/Datasheets;399-1167-1-ND;0805;;
C46;100nF;c_0805;CAP CER 0.1UF 16V 10% X7R 0805;Kemet;C0805C104K4RACTU;..PCB/EDU-NXP/Datasheets;399-1167-1-ND;0805;;
C47;100nF;c_0805;CAP CER 0.1UF 16V 10% X7R 0805;Kemet;C0805C104K4RACTU;..PCB/EDU-NXP/Datasheets;399-1167-1-ND;0805;;
C48;100nF;c_0805;CAP CER 0.1UF 16V 10% X7R 0805;Kemet;C0805C104K4RACTU;..PCB/EDU-NXP/Datasheets;399-1167-1-ND;0805;;
C49;100nF;c_0805;CAP CER 0.1UF 16V 10% X7R 0805;Kemet;C0805C104K4RACTU;..PCB/EDU-NXP/Datasheets;399-1167-1-ND;0805;;
C50;100nF;c_0805;CAP CER 0.1UF 16V 10% X7R 0805;Kemet;C0805C104K4RACTU;..PCB/EDU-NXP/Datasheets;399-1167-1-ND;0805;;
D1;PSD12C;DO-214AA(SMB);TVS DIODE 10.2VWM 16.7VC SMB;ON Semiconductor;P6SMB12CAT3G;PCB/EDU-NXP/Datasheets;P6SMB12CAT3GOSCT-ND;DO-214AA, SMB;;
D2;PSD12C;DO-214AA(SMB);TVS DIODE 10.2VWM 16.7VC SMB;ON Semiconductor;P6SMB12CAT3G;PCB/EDU-NXP/Datasheets;P6SMB12CAT3GOSCT-ND;DO-214AA, SMB;;
D3;PSD12C;DO-214AA(SMB);TVS DIODE 10.2VWM 16.7VC SMB;ON Semiconductor;P6SMB12CAT3G;PCB/EDU-NXP/Datasheets;P6SMB12CAT3GOSCT-ND;DO-214AA, SMB;;
D4;PMEG3020EH;DO-214AA(SMB);DIODE SCHOTTKY 30V 2A SOD123F;NXP Semiconductors;PMEG3020EH,115;...PCB/EDU-NXP/Datasheets;568-4129-1-ND;SOD-123F;;
D5;PMEG3020EH;DO-214AA(SMB);DIODE SCHOTTKY 30V 2A SOD123F;NXP Semiconductors;PMEG3020EH,115;...PCB/EDU-NXP/Datasheets;568-4129-1-ND;SOD-123F;;
D6;LED red;LED-0805;LED ALG RED WTR CLR 0805 SMD T/R;Everlight Electronics Co Ltd;QTLP630C7TR;..PCB/EDU-NXP/Datasheets;1080-1412-1-ND;0805;;
D7;LED;LED-0805;LED ALG RED WTR CLR 0805 SMD T/R;Everlight Electronics Co Ltd;QTLP630C7TR;..PCB/EDU-NXP/Datasheets;1080-1412-1-ND;0805;;
D8;LED;LED-0805;LED YELLOW WTR CLR 0805 SMD T/R;Everlight Electronics Co Ltd;QTLP630C7TR;..PCB/EDU-NXP/Datasheets;1080-1410-1-ND;0805;;
D9;LED;LED-0805;LED GREEN WATER CLR 0805 SMD T/R;Everlight Electronics Co Ltd;QTLP630C7TR;..PCB/EDU-NXP/Datasheets;1080-1411-1-ND;0805;;
D10;PMEG3020EH;DO-214AA(SMB);DIODE SCHOTTKY 30V 2A SOD123F;NXP Semiconductors;PMEG3020EH,115;...PCB/EDU-NXP/Datasheets;568-4129-1-ND;SOD-123F;;
D11;LL4148;SOD-123;DIODE SMALL SIG 100V 0.2A SOD80;Fairchild Semiconductor;LL4148;..NXP/EDU-NXP/Datasheets;LL4148FSTR-ND;SOD-80;;
F1;fiducial;;;;;;;;;
F2;fiducial;;;;;;;;;
F3;fiducial;;;;;;;;;
F4;fiducial;;;;;;;;;
F5;fiducial;;;;;;;;;
F6;fiducial;;;;;;;;;
FB1;MI0805M221R-10;SM0805;FERRITE CHIP POWER 220 OHM SMD;Laird-Signal Integrity Products;MI0805M221R-10;..PCB/EDU-NXP/Datasheets;240-2392-1-ND;0805;;
FB2;HZ0805E601R-10;SM0805;FERRITE 500MA 600 OHM 0805 SMD;Laird-Signal Integrity Products;HZ0805E601R-10;..PCB/EDU-NXP/Datasheets;240-2399-1-ND;0805;;
FB3;HZ0805E601R-10;SM0805;FERRITE 500MA 600 OHM 0805 SMD;Laird-Signal Integrity Products;HZ0805E601R-10;..PCB/EDU-NXP/Datasheets;240-2399-1-ND;0805;;
FB4;HZ0805E601R-10;SM0805;FERRITE 500MA 600 OHM 0805 SMD;Laird-Signal Integrity Products;HZ0805E601R-10;..PCB/EDU-NXP/Datasheets;240-2399-1-ND;0805;;
FB5;MI0805M221R-10;SM0805;FERRITE CHIP POWER 220 OHM SMD;Laird-Signal Integrity Products;MI0805M221R-10;..PCB/EDU-NXP/Datasheets;240-2392-1-ND;0805;;
FB6;MI0805M221R-10;SM0805;FERRITE CHIP POWER 220 OHM SMD;Laird-Signal Integrity Products;MI0805M221R-10;..PCB/EDU-NXP/Datasheets;240-2392-1-ND;0805;;
FB7;HZ0805E601R-10;SM0805;FERRITE 500MA 600 OHM 0805 SMD;Laird-Signal Integrity Products;HZ0805E601R-10;..PCB/EDU-NXP/Datasheets;240-2399-1-ND;0805;;
FB8;HZ0805E601R-10;SM0805;FERRITE 500MA 600 OHM 0805 SMD;Laird-Signal Integrity Products;HZ0805E601R-10;..PCB/EDU-NXP/Datasheets;240-2399-1-ND;0805;;
FB9;HZ0805E601R-10;SM0805;FERRITE CHIP POWER 220 OHM SMD;Laird-Signal Integrity Products;MI0805M221R-10;..PCB/EDU-NXP/Datasheets;240-2392-1-ND;0805;;
FB10;HZ0805E601R-10;SM0805;FERRITE CHIP POWER 220 OHM SMD;Laird-Signal Integrity Products;MI0805M221R-10;..PCB/EDU-NXP/Datasheets;240-2392-1-ND;0805;;
H1;4mm;;;;;;;;;
H2;4mm;;;;;;;;;
H3;4mm;;;;;;;;;
H4;4mm;;;;;;;;;
J1;TB_1X3;bornier3;TERM BLOCK 5.08MM VERT 3POS PCB;On Shore Technology Inc;OSTTC032162;..PCB/EDU-NXP/Datasheets;ED2610-ND;~;;
J2;ZX62D-AB-5P8;USB_microAB_ZX62-AB-5P8;CONN RCPT MCR USB AB SMD TH SHLL;Hirose Electric Co Ltd;ZX62D-AB-5P8;..PCB/EDU-NXP/Datasheets;H11494CT-ND;~;;
J3;ZX62D-AB-5P8;USB_microAB_ZX62-AB-5P8;CONN RCPT MCR USB AB SMD TH SHLL;Hirose Electric Co Ltd;ZX62D-AB-5P8;..PCB/EDU-NXP/Datasheets;H11494CT-ND;~;;
JP1;JUMPER-2;~;;;;;;;;
JP2;JUMPER-2;~;;;;;;;;
JP3;JUMPER-2;~;;;;;;;;
JP4;JUMPER-2;~;;;;;;;;
JP5;ISP;~;;;;;;;;
LED1;LED_ARBG;PLCC-4;LED RGB 605/525/470NM DIFF SMD;Lite-On Inc;LTST-C19FD1WT;..PCB/EDU-NXP/Datasheets;160-2022-1-ND;PLCC-4;;
P1;CONN_20X2;;;;;;;;;
P2;CONN_20X2;;;;;;;;;
P3;Cortex-Debug;Pin_Array_5x2_1.27mm_SMD;CONN HDR 1.27MM SMD AU 10POS;Harwin Inc;M50-3600542;..PCB/EDU-NXP/Datasheets;952-1389-ND;~;;
P4;5Vcc Input;Con_2P;CONN HEADER 2POS .100 VERT TIN;Molex Inc;0022232021;..PCB/EDU-NXP/Datasheet;WM4200-ND;~;;
PS1;USMF020;SM1210;FUSE RESETTABLE .20A 30V HLD SMD;Bourns Inc.;MF-USMF020-2;..PCB/EDU-NXP/Datasheets;MF-USMF020-2CT-ND;1210;;
PS2;USMF020;SM1210;FUSE RESETTABLE .20A 30V HLD SMD;Bourns Inc.;MF-USMF020-2;..PCB/EDU-NXP/Datasheets;MF-USMF020-2CT-ND;1210;;
Q1;2N7002;SOT23GDS;MOSFET N-CH 60V 115MA SOT-23;Fairchild Semiconductor;2N7002;..PCB/EDU-NXP/Datasheets;2N7002NCT-ND;SOT-23;;
Q3;2N7002;SOT23GDS;MOSFET N-CH 60V 115MA SOT-23;Fairchild Semiconductor;2N7002;..PCB/EDU-NXP/Datasheets;2N7002NCT-ND;SOT-23;;
Q4;2N7002;SOT23GDS;MOSFET N-CH 60V 115MA SOT-23;Fairchild Semiconductor;2N7002;..PCB/EDU-NXP/Datasheets;2N7002NCT-ND;SOT-23;;
Q5;2N7002;SOT23GDS;MOSFET N-CH 60V 115MA SOT-23;Fairchild Semiconductor;2N7002;..PCB/EDU-NXP/Datasheets;2N7002NCT-ND;SOT-23;;
Q9;2N7002;SOT23GDS;MOSFET N-CH 60V 115MA SOT-23;Fairchild Semiconductor;2N7002;..PCB/EDU-NXP/Datasheets;2N7002NCT-ND;SOT-23;;
Q10;2N7002;SOT23GDS;MOSFET N-CH 60V 115MA SOT-23;Fairchild Semiconductor;2N7002;..PCB/EDU-NXP/Datasheets;2N7002NCT-ND;SOT-23;;
R1;4K7;SM0805;RES 4.7K OHM 1/8W 5% 0805 SMD;Samsung;RC2012J472CS;..PCB/EDU-NXP/Datasheets;1276-5544-1-ND;0805;;
R2;4K7;SM0805;RES 4.7K ohm 1/8W 5% 0805 SMD;Samsung;RC2012J472CS;..PCB/EDU-NXP/Datasheets;1276-5544-1-ND;0805;;
R3;4K7;SM0805;RES 4.7K ohm 1/8 W 5% 0805 SMD;Samsung;RC2012J472CS;..PCB/EDU-NXP/Datasheets;1276-5544-1-ND;0805;;
R4;100K;SM0805;RES 100K OHM 1/8W 5% 0805 SMD;Panasonic Electronic Components;ERJ-6GEYJ104V;..PCB/EDU-NXP/Datasheets;P100KACT-ND;0805;;
R5;100K;SM0805;RES 100K OHM 1/8W 5% 0805 SMD;Panasonic Electronic Components;ERJ-6GEYJ104V;..PCB/EDU-NXP/Datasheets;P100KACT-ND;0805;;
R6;390;SM0805;RES 390 OHM 1/10W .5% 0805 SMD;Susumu;RR1220P-391-D;..PCB/EDU-NXP/Datasheets;RR12P390DCT-ND;0805;;
R7;200;SM0805;RES 200 OHM 1/10W .5% 0805 SMD;Susumu;RR1220P-201-D;..PCB/EDU-NXP/Datasheets;RR12P200DCT-ND;0805;;
R8;390;SM0805;RES 390 OHM 1/10W .5% 0805 SMD;Susumu;RR1220P-391-D;..PCB/EDU-NXP/Datasheets;RR12P390DCT-ND;0805;;
R9;100;SM0805;RES 100 OHM 1/2W 1% 0805 SMD;Panasonic Electronic Components;ERJ-P06F1000V;..PCB/EDU-NXP/Datasheets;P16057CT-ND;0805;;
R10;330k;SM0805;RES 330K OHM 1/8W 5% 0805;Stackpole Electronics Inc;RMCF0805JT330K;..PCB/EDU-NXP/Datasheets;RMCF0805JT330KCT-ND;0805;;
R11;0;SM0805;RES 0.0 OHM 1/8W JUMP 0805 SMD;Yageo;RC0805JR-070RL;..PCB/EDU-NXP/Datasheets;311-0.0ARCT-ND;0805;;
R12;330k;SM0805;RES 330K OHM 1/8W 5% 0805;Stackpole Electronics Inc;RMCF0805JT330K;..PCB/EDU-NXP/Datasheets;RMCF0805JT330KCT-ND;0805;;
R13;330k;SM0805;RES 330K OHM 1/8W 5% 0805;Stackpole Electronics Inc;RMCF0805JT330K;..PCB/EDU-NXP/Datasheets;RMCF0805JT330KCT-ND;0805;;
R14;330k;SM0805;RES 330K OHM 1/8W 5% 0805;Stackpole Electronics Inc;RMCF0805JT330K;..PCB/EDU-NXP/Datasheets;RMCF0805JT330KCT-ND;0805;;
R15;0;SM0805;RES 0.0 OHM 1/8W JUMP 0805 SMD;Yageo;RC0805JR-070RL;..PCB/EDU-NXP/Datasheets;311-0.0ARCT-ND;0805;;
R16;10k;SM0805;RES 10K OHM 1/8W 5% 0805 SMD;Panasonic Electronic Components;ERJ-6GEYJ103V;..PCB/EDU-NXP/Datasheets;P10KACT-ND;0805;;
R17;10k;SM0805;RES 10K OHM 1/8W 5% 0805 SMD;Panasonic Electronic Components;ERJ-6GEYJ103V;..PCB/EDU-NXP/Datasheets;P10KACT-ND;0805;;
R18;330k;SM0805;RES 330K OHM 1/8W 5% 0805;Stackpole Electronics Inc;RMCF0805JT330K;..PCB/EDU-NXP/Datasheets;RMCF0805JT330KCT-ND;0805;;
R19;330k;SM0805;RES 330K OHM 1/8W 5% 0805;Stackpole Electronics Inc;RMCF0805JT330K;..PCB/EDU-NXP/Datasheets;RMCF0805JT330KCT-ND;0805;;
R20;470;SM0805;RES 470 OHM 1/8W 5% 0805 SMD;Panasonic Electronic Components;ERJ-6GEYJ471V;..PCB/EDU-NXP/Datasheets;P470ACT-ND;0805;;
R21;1k2;SM0805;RES 1.2K OHM 1/8W 5% 0805;Stackpole Electronics Inc;RMCF0805JT1K20;..PCB/EDU-NXP/Datasheets;RMCF0805JT1K20CT-ND;0805;;
R22;1k2;SM0805;RES 1.2K OHM 1/8W 5% 0805;Stackpole Electronics Inc;RMCF0805JT1K20;..PCB/EDU-NXP/Datasheets;RMCF0805JT1K20CT-ND;0805;;
R23;1k2;SM0805;RES 1.2K OHM 1/8W 5% 0805;Stackpole Electronics Inc;RMCF0805JT1K20;..PCB/EDU-NXP/Datasheets;RMCF0805JT1K20CT-ND;0805;;
R57;1k;SM0805;RES 1K OHM 1/8W 5% 0805 SMD;Yageo;RC0805JR-071KL;..PCB/EDU-NXP/Datasheets;311-1.0KARCT-ND;0805;;
R58;1k;SM0805;RES 1K OHM 1/8W 5% 0805 SMD;Yageo;RC0805JR-071KL;..PCB/EDU-NXP/Datasheets;311-1.0KARCT-ND;0805;;
R59;1k;SM0805;RES 1K OHM 1/8W 5% 0805 SMD;Yageo;RC0805JR-071KL;..PCB/EDU-NXP/Datasheets;311-1.0KARCT-ND;0805;;
R60;1k;SM0805;RES 1K OHM 1/8W 5% 0805 SMD;Yageo;RC0805JR-071KL;..PCB/EDU-NXP/Datasheets;311-1.0KARCT-ND;0805;;
R61;1k;SM0805;RES 1K OHM 1/8W 5% 0805 SMD;Yageo;RC0805JR-071KL;..PCB/EDU-NXP/Datasheets;311-1.0KARCT-ND;0805;;
R62;10k;SM0805;RES 10K OHM 1/8W 5% 0805 SMD;Panasonic Electronic Components;ERJ-6GEYJ103V;..PCB/EDU-NXP/Datasheets;P10KACT-ND;0805;;
R63;10k;SM0805;RES 10K OHM 1/8W 5% 0805 SMD;Panasonic Electronic Components;ERJ-6GEYJ103V;..PCB/EDU-NXP/Datasheets;P10KACT-ND;0805;;
R64;10k;SM0805;RES 10K OHM 1/8W 5% 0805 SMD;Panasonic Electronic Components;ERJ-6GEYJ103V;..PCB/EDU-NXP/Datasheets;P10KACT-ND;0805;;
R65;10k;SM0805;RES 10K OHM 1/8W 5% 0805 SMD;Panasonic Electronic Components;ERJ-6GEYJ103V;..PCB/EDU-NXP/Datasheets;P10KACT-ND;0805;;
R66;10k;SM0805;RES 10K OHM 1/8W 5% 0805 SMD;Panasonic Electronic Components;ERJ-6GEYJ103V;..PCB/EDU-NXP/Datasheets;P10KACT-ND;0805;;
R68;680;SM0805;RES 680 OHM 1/10W .5% 0805 SMD;Susumu;RR1220P-681-D;..PCB/EDU-NXP/Datasheets;RR12P680DCT-ND;0805;;
R70;10k;SM0805;RES 10K OHM 1/8W 5% 0805 SMD;Panasonic Electronic Components;ERJ-6GEYJ103V;..PCB/EDU-NXP/Datasheets;P10KACT-ND;0805;;
R71;10k;SM0805;RES 10K OHM 1/8W 5% 0805 SMD;Panasonic Electronic Components;ERJ-6GEYJ103V;..PCB/EDU-NXP/Datasheets;P10KACT-ND;0805;;
R72;680;SM0805;RES 680 OHM 1/10W .5% 0805 SMD;Susumu;RR1220P-681-D;..PCB/EDU-NXP/Datasheets;RR12P680DCT-ND;0805;;
R73;680;SM0805;RES 680 OHM 1/10W .5% 0805 SMD;Susumu;RR1220P-681-D;..PCB/EDU-NXP/Datasheets;RR12P680DCT-ND;0805;;
R74;10k;SM0805;RES 10K OHM 1/8W 5% 0805 SMD;Panasonic Electronic Components;ERJ-6GEYJ103V;..PCB/EDU-NXP/Datasheets;P10KACT-ND;0805;;
R76;680;SM0805;RES 680 OHM 1/10W .5% 0805 SMD;Susumu;RR1220P-681-D;..PCB/EDU-NXP/Datasheets;RR12P680DCT-ND;0805;;
R82;10k;SM0805;RES 10K OHM 1/8W 5% 0805 SMD;Panasonic Electronic Components;ERJ-6GEYJ103V;..PCB/EDU-NXP/Datasheets;P10KACT-ND;0805;;
R83;10k;SM0805;RES 10K OHM 1/8W 5% 0805 SMD;Panasonic Electronic Components;ERJ-6GEYJ103V;..PCB/EDU-NXP/Datasheets;P10KACT-ND;0805;;
R84;680;SM0805;RES 680 OHM 1/10W .5% 0805 SMD;Susumu;RR1220P-681-D;..PCB/EDU-NXP/Datasheets;RR12P680DCT-ND;0805;;
R85;680;SM0805;RES 680 OHM 1/10W .5% 0805 SMD;Susumu;RR1220P-681-D;..PCB/EDU-NXP/Datasheets;RR12P680DCT-ND;0805;;
R90;100K;SM0805;RES 100K OHM 1/8W 5% 0805 SMD;Panasonic Electronic Components;ERJ-6GEYJ104V;..PCB/EDU-NXP/Datasheets;P100KACT-ND;0805;;
R91;10M;SM0805;RES 10M OHM 1/8W 5% 0805;Stackpole Electronics Inc;RMCF0805JT10M0;..PCB/EDU-NXP/Datasheets;RMCF0805JT10M0CT-ND;0805;;
R92;12K;SM0805;RES 12K OHM 1/8W 1% 0805 SMD;Yageo;RC0805FR-0712KL;..PCB/EDU-NXP/Datasheets;311-12.0KCRCT-ND;0805;;
R93;10K;SM0805;RES 10K OHM 1/8W 5% 0805 SMD;Panasonic Electronic Components;ERJ-6GEYJ103V;..PCB/EDU-NXP/Datasheets;P10KACT-ND;0805;;
R94;10K;SM0805;RES 10K OHM 1/8W 5% 0805 SMD;Panasonic Electronic Components;ERJ-6GEYJ103V;..PCB/EDU-NXP/Datasheets;P10KACT-ND;0805;;
R95;2.2k;SM0805;RES 2.2K OHM 1/8W 5% 0805;Stackpole Electronics Inc;RMCF0805JT2K20;..PCB/EDU-NXP/Datasheets;RMCF0805JT2K20CT-ND;0805;;
R96;15K;SM0805;RES 15.0K OHM 1/10W .5% 0805 SMD;Susumu;RR1220P-153-D;..PCB/EDU-NXP/Datasheets;RR12P15.0KDCT-ND;0805;;
R97;2.2k;SM0805;RES 2.2K OHM 1/8W 5% 0805;Stackpole Electronics Inc;RMCF0805JT2K20;..PCB/EDU-NXP/Datasheets;RMCF0805JT2K20CT-ND;0805;;
R98;15K;SM0805;RES 15.0K OHM 1/10W .5% 0805 SMD;Susumu;RR1220P-153-D;..PCB/EDU-NXP/Datasheets;RR12P15.0KDCT-ND;0805;;
R99;10K;SM0805;RES 10K OHM 1/8W 5% 0805 SMD;Panasonic Electronic Components;ERJ-6GEYJ103V;..PCB/EDU-NXP/Datasheets;P10KACT-ND;0805;;
R100;10K;SM0805;RES 10K OHM 1/8W 5% 0805 SMD;Panasonic Electronic Components;ERJ-6GEYJ103V;..PCB/EDU-NXP/Datasheets;P10KACT-ND;0805;;
R101;2.2K;SM0805;RES 2.2K OHM 1/8W 5% 0805;Stackpole Electronics Inc;RMCF0805JT2K20;..PCB/EDU-NXP/Datasheets;RMCF0805JT2K20CT-ND;0805;;
R102;10K;SM0805;RES 10K OHM 1/8W 5% 0805 SMD;Panasonic Electronic Components;ERJ-6GEYJ103V;..PCB/EDU-NXP/Datasheets;P10KACT-ND;0805;;
R103;12K 1%;SM0805;RES 12K OHM 1/8W 1% 0805 SMD;Yageo;RC0805FR-0712KL;..PCB/EDU-NXP/Datasheets;311-12.0KCRCT-ND;0805;;
R104;1k;SM0805;RES 15.0K OHM 1/10W .5% 0805 SMD;Susumu;RR1220P-153-D;..PCB/EDU-NXP/Datasheets;RR12P15.0KDCT-ND;0805;;
R105;270;SM0805;RES 270 OHM 1/8W 5% 0805 SMD;Rohm Semiconductor;MCR10ERTJ271;../PCB/EDU-NXP/Datasheets;RHM270CPCT-ND;0805;;
R106;10k;SM0805;RES 10K OHM 1/8W 5% 0805 SMD;Panasonic Electronic Components;ERJ-6GEYJ103V;..PCB/EDU-NXP/Datasheets;P10KACT-ND;0805;;
R107;0;SM0805;RES 0.0 OHM 1/8W JUMP 0805 SMD;Yageo;RC0805JR-070RL;..PCB/EDU-NXP/Datasheets;311-0.0ARCT-ND;0805;;
R108;0;SM0805;RES 0.0 OHM 1/8W JUMP 0805 SMD;Yageo;RC0805JR-070RL;..PCB/EDU-NXP/Datasheets;311-0.0ARCT-ND;0805;;
R109;0;SM0805;RES 0.0 OHM 1/8W JUMP 0805 SMD;Yageo;RC0805JR-070RL;..PCB/EDU-NXP/Datasheets;311-0.0ARCT-ND;0805;;
R110;0;SM0805;RES 0.0 OHM 1/8W JUMP 0805 SMD;Yageo;RC0805JR-070RL;..PCB/EDU-NXP/Datasheets;311-0.0ARCT-ND;0805;;
SW1;TEC_1;PUSH_SWITCH_THT;SWITCH TACTILE SPST-NO 0.05A 24V;TE Connectivity;1825910-7;../PCN/EDU-NXP/Datasheets;450-1804-ND;~;;
SW2;TEC_2;PUSH_SWITCH_THT;SWITCH TACTILE SPST-NO 0.05A 24V;TE Connectivity;1825910-7;../PCN/EDU-NXP/Datasheets;450-1804-ND;~;;
SW3;TEC_3;PUSH_SWITCH_THT;SWITCH TACTILE SPST-NO 0.05A 24V;TE Connectivity;1825910-7;../PCN/EDU-NXP/Datasheets;450-1804-ND;~;;
SW4;TEC_4;PUSH_SWITCH_THT;SWITCH TACTILE SPST-NO 0.05A 24V;TE Connectivity;1825910-7;../PCN/EDU-NXP/Datasheets;450-1804-ND;~;;
SW5;RESET;PUSH_SWITCH_THT;SWITCH TACTILE SPST-NO 0.05A 24V;TE Connectivity;1825910-7;../PCN/EDU-NXP/Datasheets;450-1804-ND;~;;
TH1;MF-MSMF030-2;MF-MSMF;PTC RESETTABLE .30A 30V 1812;Bourns Inc.;MF-MSMF030-2;../PCB/EDU-NXP/Datasheets;MF-MSMF030-2CT-ND;1812;;
TH2;MF-MSMF110-2;MF-MSMF;PTC RESETTABLE .30A 30V 1812;Bourns Inc.;MF-MSMF030-2;../PCB/EDU-NXP/Datasheets;MF-MSMF030-2CT-ND;1812;;
TH3;MF-MSMF030-2;MF-MSMF;PTC RESETTABLE .30A 30V 1812;Bourns Inc.;MF-MSMF030-2;../PCB/EDU-NXP/Datasheets;MF-MSMF030-2CT-ND;1812;;
TH4;MF-MSMF110-2;MF-MSMF;PTC RESETTABLE .30A 30V 1812;Bourns Inc.;MF-MSMF030-2;../PCB/EDU-NXP/Datasheets;MF-MSMF030-2CT-ND;1812;;
TR1;DLW21HN900SQ2;SRF2012;CHOKE COMMON MODE 90 OHM 0805;Murata Electronics North America;DLW21HN900SQ2L;../PCB/EDU-NXP/Datasheets;490-1064-2-ND;0805;;
TR2;DLW21HN900SQ2;SRF2012;CHOKE COMMON MODE 90 OHM 0805;Murata Electronics North America;DLW21HN900SQ2L;../PCB/EDU-NXP/Datasheets;490-1064-2-ND;0805;;
U1;SN65HVD1176DR;-SOIC8;IC RS485 PROFIBUS TXRX 8-SOIC;Texas Instruments;SN65HVD1176DR;../PCB/EDU-NXP/Datasheets;296-26337-1-ND;8-SOIC (0.154", 3.90mm Width);;
U2;PRTR5V0U2X;sot143B;TVS DIODE 5.5VWM SOT143B;NXP Semiconductors;PRTR5V0U2X,215;../PCB/EDU-NXP/Datasheets;568-4140-1-ND;SOT-143B;;
U3;NCP1117ST33T3G;SOT223;IC REG LDO 3.3V 1A SOT223;ON Semicinductor;NCP1117ST33T3G;../PCB/EDU-NXP/Datasheets;NCP1117ST33T3GOSCT-ND;SOT-223;;
U4;LPC4337JBD144;LQFP144-M05;IC MCU ARM 1MB FLASH 144LQFP;NXP Semiconductors;LPC4337JBD144E;../PCB/EDU-NXP/Datasheets;568-10159-ND;144-LQFP;;
U5;93C46;-SOIC8;IC EEPROM 1KBIT 2MHZ 8SOIC;Atmel;AT93C46DN-SH-T;../PCB/EDU-NXP/Datasheets;AT93C46DN-SH-TCT-ND;8-SOIC;;
U6;FT2232H;LQFP64-M05;IC USB HS DUAL UART/FIFO 64-LQFP;FTDI, Future Technology Devices International Ltd;FT2232HL-REEL;../PCB/EDU-NXP/Datasheets;768-1024-1-ND;64-LQFP;;
U7;TXB0108;tssop-20;IC 8-BIT TRNSTR 15KV ESD 20TSSOP;Texas Instruments;TXB0108PWR;../PCB/EDU-NXP/Datasheets;296-21527-1-ND;20-TSSOP;;
U8;PRTR5V0U2X;sot143B;TVS DIODE 5.5VWM SOT143B;NXP Semiconductors;PRTR5V0U2X,215;../PCB/EDU-NXP/Datasheets;568-4140-1-ND;SOT-143B;;
U9;MIC2025;-SOIC8;IC SW DISTRIBUTION 1CHAN 8SOIC;Micrel Inc;MIC2025-2YM;../PCB/EDU-NXP/Datasheets;576-1058-ND;8-SOIC;;
X1;32.768K;4SOJ;CRYSTAL 32.768KHZ 12.5PF SMD;Abracon Corporation;ABS25-32.768KHZ-T;../PCB/EDU-NXP/Datasheets;535-9166-1-ND;4-SOJ, 5.50mm pitch;;
X2;12MHz;FA238V-XTAL;CRYSTAL 12MHZ 12PF SMD;TXC CORPORATION;7S-12.000MAHE-T;../PCB/EDU-NXP/Datasheets;887-1831-1-ND;~;;
X3;12MHz;FA238V-XTAL;CRYSTAL 12MHZ 12PF SMD;TXC CORPORATION;7S-12.000MAHE-T;../PCB/EDU-NXP/Datasheets;887-1831-1-ND;~;;
ZA1;SMAZ5V6;SOD123F;DIODE ZENER 5.6V 500MW SOD123;ON Semiconductor;MMSZ5V6T1G;../PCB/EDU-NXP/Datasheets;MMSZ5V6T1GOSCT-ND;SOD-123;;
